<?xml version="1.0" encoding="UTF-8"?><MD_Metadata xmlns:xlink="http://www.w3.org/1999/xlink" xmlns:srv="http://www.isotc211.org/2005/srv" xmlns:gts="http://www.isotc211.org/2005/gts" xmlns:xalan="http://xml.apache.org/xalan" xmlns:gco="http://www.isotc211.org/2005/gco" xmlns:gml="http://www.opengis.net/gml" xmlns:xsi="http://www.w3.org/2001/XMLSchema-instance" xmlns="http://www.isotc211.org/2005/gmd">
    <characterSet>
        <MD_CharacterSetCode codeList="http://www.isotc211.org/2005/resources/Codelist/gmxCodelists.xml#MD_CharacterSetCode" codeListValue="utf8" codeSpace="ISOTC211/19115">utf8</MD_CharacterSetCode>
    </characterSet>
    <hierarchyLevel>
        <MD_ScopeCode codeList="http://www.isotc211.org/2005/resources/Codelist/gmxCodelists.xml#MD_ScopeCode" codeListValue="dataset" codeSpace="ISOTC211/19115">dataset</MD_ScopeCode>
    </hierarchyLevel>
    <hierarchyLevelName>
        <gco:CharacterString>dataset</gco:CharacterString>
    </hierarchyLevelName>
    <contact gco:nilReason="missing"/>
    <dateStamp gco:nilReason="missing"/>
    <metadataStandardName>
        <gco:CharacterString>ISO 19139 Geographic Information - Metadata - Implementation Specification</gco:CharacterString>
    </metadataStandardName>
    <metadataStandardVersion>
        <gco:CharacterString>2007</gco:CharacterString>
    </metadataStandardVersion>
    <identificationInfo>
        <MD_DataIdentification>
            <citation>
                <CI_Citation>
                    <title>
                        <gco:CharacterString>Map</gco:CharacterString>
                    </title>
                    <date gco:nilReason="missing"/>
                </CI_Citation>
            </citation>
            <abstract>
                <gco:CharacterString>Actualiteit: januari 2020Zoomniveau: alleDe postcodevlakken worden door Esri Nederland automatisch gegenereerd op basis van open data-bronnen. Adreslocaties uit de BAG zijn de belangrijkste bron voor de postcodevlakken. Daarnaast worden de TOP10NL en de NWB gebruikt om de vlakken meer logische grenzen te laten te volgen.Uitgebreidere informatie en uitleg over de keuzes die gemaakt zijn bij dit proces zijn te vinden in de download van de postcodevlakken. Deze is te vinden in de ArcGIS Online groep Datasets - Esri Nederland. Deze kaartlaag is onderdeel van de Esri Nederland groepen Ruimte en Grenzen.Deze kaartlaag wordt aangeboden vanuit Esri Nederland Content. Esri Nederland Content biedt landsdekkende data en services aan die gebruikt kunnen worden in het ArcGIS platform. Het content-team actualiseert het aanbod en voegt geregeld nieuwe content toe. Door content van Esri Nederland te combineren met andere gegevens creëert u snel en eenvoudig nieuwe informatieproducten. Meer informatie over het content aanbod is te vinden via: esri.nl/content. Heeft u vragen of opmerkingen dan horen wij dat graag via content@esri.nl. Volg ons op GeoNet om op de hoogte te blijven van al het Esri Nederland Content-nieuws.</gco:CharacterString>
            </abstract>
            <purpose>
                <gco:CharacterString>Deze kaartlaag geeft de vier-positie postcodevlakken weer (PC4), gegenereerd door Esri Nederland</gco:CharacterString>
            </purpose>
            <credit>
                <gco:CharacterString>Esri Nederland</gco:CharacterString>
            </credit>
            <descriptiveKeywords>
                <MD_Keywords>
                    <keyword>
                        <gco:CharacterString>Postcodevlakken</gco:CharacterString>
                    </keyword>
                    <keyword>
                        <gco:CharacterString>Postcodegebieden</gco:CharacterString>
                    </keyword>
                    <keyword>
                        <gco:CharacterString>gebieden</gco:CharacterString>
                    </keyword>
                    <keyword>
                        <gco:CharacterString>vlakken</gco:CharacterString>
                    </keyword>
                    <keyword>
                        <gco:CharacterString>Nederland</gco:CharacterString>
                    </keyword>
                    <keyword>
                        <gco:CharacterString>grenzen</gco:CharacterString>
                    </keyword>
                    <keyword>
                        <gco:CharacterString>postcodegrenzen</gco:CharacterString>
                    </keyword>
                    <keyword>
                        <gco:CharacterString>Postcode</gco:CharacterString>
                    </keyword>
                    <keyword>
                        <gco:CharacterString>boundaries</gco:CharacterString>
                    </keyword>
                    <keyword>
                        <gco:CharacterString>ppc</gco:CharacterString>
                    </keyword>
                    <keyword>
                        <gco:CharacterString>postcodegebied</gco:CharacterString>
                    </keyword>
                    <keyword>
                        <gco:CharacterString>postcodevlak</gco:CharacterString>
                    </keyword>
                    <keyword>
                        <gco:CharacterString>postcodevlakken</gco:CharacterString>
                    </keyword>
                    <keyword>
                        <gco:CharacterString>pc3 vlakken</gco:CharacterString>
                    </keyword>
                    <keyword>
                        <gco:CharacterString>Esri</gco:CharacterString>
                    </keyword>
                    <keyword>
                        <gco:CharacterString>Content</gco:CharacterString>
                    </keyword>
                    <keyword>
                        <gco:CharacterString>Holland</gco:CharacterString>
                    </keyword>
                    <keyword>
                        <gco:CharacterString>Netherlands</gco:CharacterString>
                    </keyword>
                    <keyword>
                        <gco:CharacterString>RD</gco:CharacterString>
                    </keyword>
                    <keyword>
                        <gco:CharacterString>Rijksdriehoeksstelsel</gco:CharacterString>
                    </keyword>
                    <keyword>
                        <gco:CharacterString>pc4</gco:CharacterString>
                    </keyword>
                    <keyword>
                        <gco:CharacterString>ppc4</gco:CharacterString>
                    </keyword>
                </MD_Keywords>
            </descriptiveKeywords>
            <descriptiveKeywords>
                <MD_Keywords>
                    <keyword>
                        <gco:CharacterString>Postcodevlakken</gco:CharacterString>
                    </keyword>
                    <keyword>
                        <gco:CharacterString>Postcodegebieden</gco:CharacterString>
                    </keyword>
                    <keyword>
                        <gco:CharacterString>gebieden</gco:CharacterString>
                    </keyword>
                    <keyword>
                        <gco:CharacterString>vlakken</gco:CharacterString>
                    </keyword>
                    <keyword>
                        <gco:CharacterString>Nederland</gco:CharacterString>
                    </keyword>
                    <keyword>
                        <gco:CharacterString>grenzen</gco:CharacterString>
                    </keyword>
                    <keyword>
                        <gco:CharacterString>postcodegrenzen</gco:CharacterString>
                    </keyword>
                    <keyword>
                        <gco:CharacterString>Postcode</gco:CharacterString>
                    </keyword>
                    <keyword>
                        <gco:CharacterString>boundaries</gco:CharacterString>
                    </keyword>
                    <keyword>
                        <gco:CharacterString>ppc</gco:CharacterString>
                    </keyword>
                    <keyword>
                        <gco:CharacterString>postcodegebied</gco:CharacterString>
                    </keyword>
                    <keyword>
                        <gco:CharacterString>postcodevlak</gco:CharacterString>
                    </keyword>
                    <keyword>
                        <gco:CharacterString>postcodevlakken</gco:CharacterString>
                    </keyword>
                    <keyword>
                        <gco:CharacterString>pc3 vlakken</gco:CharacterString>
                    </keyword>
                    <keyword>
                        <gco:CharacterString>Esri</gco:CharacterString>
                    </keyword>
                    <keyword>
                        <gco:CharacterString>Content</gco:CharacterString>
                    </keyword>
                    <keyword>
                        <gco:CharacterString>Holland</gco:CharacterString>
                    </keyword>
                    <keyword>
                        <gco:CharacterString>Netherlands</gco:CharacterString>
                    </keyword>
                    <keyword>
                        <gco:CharacterString>RD</gco:CharacterString>
                    </keyword>
                    <keyword>
                        <gco:CharacterString>Rijksdriehoeksstelsel</gco:CharacterString>
                    </keyword>
                    <keyword>
                        <gco:CharacterString>pc4</gco:CharacterString>
                    </keyword>
                    <keyword>
                        <gco:CharacterString>ppc4</gco:CharacterString>
                    </keyword>
                </MD_Keywords>
            </descriptiveKeywords>
            <descriptiveKeywords>
                <MD_Keywords>
                    <keyword>
                        <gco:CharacterString>Postcodevlakken</gco:CharacterString>
                    </keyword>
                    <keyword>
                        <gco:CharacterString>Postcodegebieden</gco:CharacterString>
                    </keyword>
                    <keyword>
                        <gco:CharacterString>gebieden</gco:CharacterString>
                    </keyword>
                    <keyword>
                        <gco:CharacterString>vlakken</gco:CharacterString>
                    </keyword>
                    <keyword>
                        <gco:CharacterString>Nederland</gco:CharacterString>
                    </keyword>
                    <keyword>
                        <gco:CharacterString>grenzen</gco:CharacterString>
                    </keyword>
                    <keyword>
                        <gco:CharacterString>postcodegrenzen</gco:CharacterString>
                    </keyword>
                    <keyword>
                        <gco:CharacterString>Postcode</gco:CharacterString>
                    </keyword>
                    <keyword>
                        <gco:CharacterString>boundaries</gco:CharacterString>
                    </keyword>
                    <keyword>
                        <gco:CharacterString>ppc</gco:CharacterString>
                    </keyword>
                    <keyword>
                        <gco:CharacterString>postcodegebied</gco:CharacterString>
                    </keyword>
                    <keyword>
                        <gco:CharacterString>postcodevlak</gco:CharacterString>
                    </keyword>
                    <keyword>
                        <gco:CharacterString>postcodevlakken</gco:CharacterString>
                    </keyword>
                    <keyword>
                        <gco:CharacterString>pc3 vlakken</gco:CharacterString>
                    </keyword>
                    <keyword>
                        <gco:CharacterString>Esri</gco:CharacterString>
                    </keyword>
                    <keyword>
                        <gco:CharacterString>Content</gco:CharacterString>
                    </keyword>
                    <keyword>
                        <gco:CharacterString>Holland</gco:CharacterString>
                    </keyword>
                    <keyword>
                        <gco:CharacterString>Netherlands</gco:CharacterString>
                    </keyword>
                    <keyword>
                        <gco:CharacterString>RD</gco:CharacterString>
                    </keyword>
                    <keyword>
                        <gco:CharacterString>Rijksdriehoeksstelsel</gco:CharacterString>
                    </keyword>
                    <keyword>
                        <gco:CharacterString>pc4</gco:CharacterString>
                    </keyword>
                    <keyword>
                        <gco:CharacterString>ppc4</gco:CharacterString>
                    </keyword>
                </MD_Keywords>
            </descriptiveKeywords>
            <descriptiveKeywords>
                <MD_Keywords>
                    <keyword>
                        <gco:CharacterString>Postcodevlakken</gco:CharacterString>
                    </keyword>
                    <keyword>
                        <gco:CharacterString>Postcodegebieden</gco:CharacterString>
                    </keyword>
                    <keyword>
                        <gco:CharacterString>gebieden</gco:CharacterString>
                    </keyword>
                    <keyword>
                        <gco:CharacterString>vlakken</gco:CharacterString>
                    </keyword>
                    <keyword>
                        <gco:CharacterString>Nederland</gco:CharacterString>
                    </keyword>
                    <keyword>
                        <gco:CharacterString>grenzen</gco:CharacterString>
                    </keyword>
                    <keyword>
                        <gco:CharacterString>postcodegrenzen</gco:CharacterString>
                    </keyword>
                    <keyword>
                        <gco:CharacterString>Postcode</gco:CharacterString>
                    </keyword>
                    <keyword>
                        <gco:CharacterString>boundaries</gco:CharacterString>
                    </keyword>
                    <keyword>
                        <gco:CharacterString>ppc</gco:CharacterString>
                    </keyword>
                    <keyword>
                        <gco:CharacterString>postcodegebied</gco:CharacterString>
                    </keyword>
                    <keyword>
                        <gco:CharacterString>postcodevlak</gco:CharacterString>
                    </keyword>
                    <keyword>
                        <gco:CharacterString>postcodevlakken</gco:CharacterString>
                    </keyword>
                    <keyword>
                        <gco:CharacterString>pc3 vlakken</gco:CharacterString>
                    </keyword>
                    <keyword>
                        <gco:CharacterString>Esri</gco:CharacterString>
                    </keyword>
                    <keyword>
                        <gco:CharacterString>Content</gco:CharacterString>
                    </keyword>
                    <keyword>
                        <gco:CharacterString>Holland</gco:CharacterString>
                    </keyword>
                    <keyword>
                        <gco:CharacterString>Netherlands</gco:CharacterString>
                    </keyword>
                    <keyword>
                        <gco:CharacterString>RD</gco:CharacterString>
                    </keyword>
                    <keyword>
                        <gco:CharacterString>Rijksdriehoeksstelsel</gco:CharacterString>
                    </keyword>
                    <keyword>
                        <gco:CharacterString>pc4</gco:CharacterString>
                    </keyword>
                    <keyword>
                        <gco:CharacterString>ppc4</gco:CharacterString>
                    </keyword>
                </MD_Keywords>
            </descriptiveKeywords>
            <descriptiveKeywords>
                <MD_Keywords>
                    <keyword>
                        <gco:CharacterString>Postcodevlakken</gco:CharacterString>
                    </keyword>
                    <keyword>
                        <gco:CharacterString>Postcodegebieden</gco:CharacterString>
                    </keyword>
                    <keyword>
                        <gco:CharacterString>gebieden</gco:CharacterString>
                    </keyword>
                    <keyword>
                        <gco:CharacterString>vlakken</gco:CharacterString>
                    </keyword>
                    <keyword>
                        <gco:CharacterString>Nederland</gco:CharacterString>
                    </keyword>
                    <keyword>
                        <gco:CharacterString>grenzen</gco:CharacterString>
                    </keyword>
                    <keyword>
                        <gco:CharacterString>postcodegrenzen</gco:CharacterString>
                    </keyword>
                    <keyword>
                        <gco:CharacterString>Postcode</gco:CharacterString>
                    </keyword>
                    <keyword>
                        <gco:CharacterString>boundaries</gco:CharacterString>
                    </keyword>
                    <keyword>
                        <gco:CharacterString>ppc</gco:CharacterString>
                    </keyword>
                    <keyword>
                        <gco:CharacterString>postcodegebied</gco:CharacterString>
                    </keyword>
                    <keyword>
                        <gco:CharacterString>postcodevlak</gco:CharacterString>
                    </keyword>
                    <keyword>
                        <gco:CharacterString>postcodevlakken</gco:CharacterString>
                    </keyword>
                    <keyword>
                        <gco:CharacterString>pc3 vlakken</gco:CharacterString>
                    </keyword>
                    <keyword>
                        <gco:CharacterString>Esri</gco:CharacterString>
                    </keyword>
                    <keyword>
                        <gco:CharacterString>Content</gco:CharacterString>
                    </keyword>
                    <keyword>
                        <gco:CharacterString>Holland</gco:CharacterString>
                    </keyword>
                    <keyword>
                        <gco:CharacterString>Netherlands</gco:CharacterString>
                    </keyword>
                    <keyword>
                        <gco:CharacterString>RD</gco:CharacterString>
                    </keyword>
                    <keyword>
                        <gco:CharacterString>Rijksdriehoeksstelsel</gco:CharacterString>
                    </keyword>
                    <keyword>
                        <gco:CharacterString>pc4</gco:CharacterString>
                    </keyword>
                    <keyword>
                        <gco:CharacterString>ppc4</gco:CharacterString>
                    </keyword>
                </MD_Keywords>
            </descriptiveKeywords>
            <descriptiveKeywords>
                <MD_Keywords>
                    <keyword>
                        <gco:CharacterString>Postcodevlakken</gco:CharacterString>
                    </keyword>
                    <keyword>
                        <gco:CharacterString>Postcodegebieden</gco:CharacterString>
                    </keyword>
                    <keyword>
                        <gco:CharacterString>gebieden</gco:CharacterString>
                    </keyword>
                    <keyword>
                        <gco:CharacterString>vlakken</gco:CharacterString>
                    </keyword>
                    <keyword>
                        <gco:CharacterString>Nederland</gco:CharacterString>
                    </keyword>
                    <keyword>
                        <gco:CharacterString>grenzen</gco:CharacterString>
                    </keyword>
                    <keyword>
                        <gco:CharacterString>postcodegrenzen</gco:CharacterString>
                    </keyword>
                    <keyword>
                        <gco:CharacterString>Postcode</gco:CharacterString>
                    </keyword>
                    <keyword>
                        <gco:CharacterString>boundaries</gco:CharacterString>
                    </keyword>
                    <keyword>
                        <gco:CharacterString>ppc</gco:CharacterString>
                    </keyword>
                    <keyword>
                        <gco:CharacterString>postcodegebied</gco:CharacterString>
                    </keyword>
                    <keyword>
                        <gco:CharacterString>postcodevlak</gco:CharacterString>
                    </keyword>
                    <keyword>
                        <gco:CharacterString>postcodevlakken</gco:CharacterString>
                    </keyword>
                    <keyword>
                        <gco:CharacterString>pc3 vlakken</gco:CharacterString>
                    </keyword>
                    <keyword>
                        <gco:CharacterString>Esri</gco:CharacterString>
                    </keyword>
                    <keyword>
                        <gco:CharacterString>Content</gco:CharacterString>
                    </keyword>
                    <keyword>
                        <gco:CharacterString>Holland</gco:CharacterString>
                    </keyword>
                    <keyword>
                        <gco:CharacterString>Netherlands</gco:CharacterString>
                    </keyword>
                    <keyword>
                        <gco:CharacterString>RD</gco:CharacterString>
                    </keyword>
                    <keyword>
                        <gco:CharacterString>Rijksdriehoeksstelsel</gco:CharacterString>
                    </keyword>
                    <keyword>
                        <gco:CharacterString>pc4</gco:CharacterString>
                    </keyword>
                    <keyword>
                        <gco:CharacterString>ppc4</gco:CharacterString>
                    </keyword>
                </MD_Keywords>
            </descriptiveKeywords>
            <descriptiveKeywords>
                <MD_Keywords>
                    <keyword>
                        <gco:CharacterString>Postcodevlakken</gco:CharacterString>
                    </keyword>
                    <keyword>
                        <gco:CharacterString>Postcodegebieden</gco:CharacterString>
                    </keyword>
                    <keyword>
                        <gco:CharacterString>gebieden</gco:CharacterString>
                    </keyword>
                    <keyword>
                        <gco:CharacterString>vlakken</gco:CharacterString>
                    </keyword>
                    <keyword>
                        <gco:CharacterString>Nederland</gco:CharacterString>
                    </keyword>
                    <keyword>
                        <gco:CharacterString>grenzen</gco:CharacterString>
                    </keyword>
                    <keyword>
                        <gco:CharacterString>postcodegrenzen</gco:CharacterString>
                    </keyword>
                    <keyword>
                        <gco:CharacterString>Postcode</gco:CharacterString>
                    </keyword>
                    <keyword>
                        <gco:CharacterString>boundaries</gco:CharacterString>
                    </keyword>
                    <keyword>
                        <gco:CharacterString>ppc</gco:CharacterString>
                    </keyword>
                    <keyword>
                        <gco:CharacterString>postcodegebied</gco:CharacterString>
                    </keyword>
                    <keyword>
                        <gco:CharacterString>postcodevlak</gco:CharacterString>
                    </keyword>
                    <keyword>
                        <gco:CharacterString>postcodevlakken</gco:CharacterString>
                    </keyword>
                    <keyword>
                        <gco:CharacterString>pc3 vlakken</gco:CharacterString>
                    </keyword>
                    <keyword>
                        <gco:CharacterString>Esri</gco:CharacterString>
                    </keyword>
                    <keyword>
                        <gco:CharacterString>Content</gco:CharacterString>
                    </keyword>
                    <keyword>
                        <gco:CharacterString>Holland</gco:CharacterString>
                    </keyword>
                    <keyword>
                        <gco:CharacterString>Netherlands</gco:CharacterString>
                    </keyword>
                    <keyword>
                        <gco:CharacterString>RD</gco:CharacterString>
                    </keyword>
                    <keyword>
                        <gco:CharacterString>Rijksdriehoeksstelsel</gco:CharacterString>
                    </keyword>
                    <keyword>
                        <gco:CharacterString>pc4</gco:CharacterString>
                    </keyword>
                    <keyword>
                        <gco:CharacterString>ppc4</gco:CharacterString>
                    </keyword>
                </MD_Keywords>
            </descriptiveKeywords>
            <descriptiveKeywords>
                <MD_Keywords>
                    <keyword>
                        <gco:CharacterString>Postcodevlakken</gco:CharacterString>
                    </keyword>
                    <keyword>
                        <gco:CharacterString>Postcodegebieden</gco:CharacterString>
                    </keyword>
                    <keyword>
                        <gco:CharacterString>gebieden</gco:CharacterString>
                    </keyword>
                    <keyword>
                        <gco:CharacterString>vlakken</gco:CharacterString>
                    </keyword>
                    <keyword>
                        <gco:CharacterString>Nederland</gco:CharacterString>
                    </keyword>
                    <keyword>
                        <gco:CharacterString>grenzen</gco:CharacterString>
                    </keyword>
                    <keyword>
                        <gco:CharacterString>postcodegrenzen</gco:CharacterString>
                    </keyword>
                    <keyword>
                        <gco:CharacterString>Postcode</gco:CharacterString>
                    </keyword>
                    <keyword>
                        <gco:CharacterString>boundaries</gco:CharacterString>
                    </keyword>
                    <keyword>
                        <gco:CharacterString>ppc</gco:CharacterString>
                    </keyword>
                    <keyword>
                        <gco:CharacterString>postcodegebied</gco:CharacterString>
                    </keyword>
                    <keyword>
                        <gco:CharacterString>postcodevlak</gco:CharacterString>
                    </keyword>
                    <keyword>
                        <gco:CharacterString>postcodevlakken</gco:CharacterString>
                    </keyword>
                    <keyword>
                        <gco:CharacterString>pc3 vlakken</gco:CharacterString>
                    </keyword>
                    <keyword>
                        <gco:CharacterString>Esri</gco:CharacterString>
                    </keyword>
                    <keyword>
                        <gco:CharacterString>Content</gco:CharacterString>
                    </keyword>
                    <keyword>
                        <gco:CharacterString>Holland</gco:CharacterString>
                    </keyword>
                    <keyword>
                        <gco:CharacterString>Netherlands</gco:CharacterString>
                    </keyword>
                    <keyword>
                        <gco:CharacterString>RD</gco:CharacterString>
                    </keyword>
                    <keyword>
                        <gco:CharacterString>Rijksdriehoeksstelsel</gco:CharacterString>
                    </keyword>
                    <keyword>
                        <gco:CharacterString>pc4</gco:CharacterString>
                    </keyword>
                    <keyword>
                        <gco:CharacterString>ppc4</gco:CharacterString>
                    </keyword>
                </MD_Keywords>
            </descriptiveKeywords>
            <descriptiveKeywords>
                <MD_Keywords>
                    <keyword>
                        <gco:CharacterString>Postcodevlakken</gco:CharacterString>
                    </keyword>
                    <keyword>
                        <gco:CharacterString>Postcodegebieden</gco:CharacterString>
                    </keyword>
                    <keyword>
                        <gco:CharacterString>gebieden</gco:CharacterString>
                    </keyword>
                    <keyword>
                        <gco:CharacterString>vlakken</gco:CharacterString>
                    </keyword>
                    <keyword>
                        <gco:CharacterString>Nederland</gco:CharacterString>
                    </keyword>
                    <keyword>
                        <gco:CharacterString>grenzen</gco:CharacterString>
                    </keyword>
                    <keyword>
                        <gco:CharacterString>postcodegrenzen</gco:CharacterString>
                    </keyword>
                    <keyword>
                        <gco:CharacterString>Postcode</gco:CharacterString>
                    </keyword>
                    <keyword>
                        <gco:CharacterString>boundaries</gco:CharacterString>
                    </keyword>
                    <keyword>
                        <gco:CharacterString>ppc</gco:CharacterString>
                    </keyword>
                    <keyword>
                        <gco:CharacterString>postcodegebied</gco:CharacterString>
                    </keyword>
                    <keyword>
                        <gco:CharacterString>postcodevlak</gco:CharacterString>
                    </keyword>
                    <keyword>
                        <gco:CharacterString>postcodevlakken</gco:CharacterString>
                    </keyword>
                    <keyword>
                        <gco:CharacterString>pc3 vlakken</gco:CharacterString>
                    </keyword>
                    <keyword>
                        <gco:CharacterString>Esri</gco:CharacterString>
                    </keyword>
                    <keyword>
                        <gco:CharacterString>Content</gco:CharacterString>
                    </keyword>
                    <keyword>
                        <gco:CharacterString>Holland</gco:CharacterString>
                    </keyword>
                    <keyword>
                        <gco:CharacterString>Netherlands</gco:CharacterString>
                    </keyword>
                    <keyword>
                        <gco:CharacterString>RD</gco:CharacterString>
                    </keyword>
                    <keyword>
                        <gco:CharacterString>Rijksdriehoeksstelsel</gco:CharacterString>
                    </keyword>
                    <keyword>
                        <gco:CharacterString>pc4</gco:CharacterString>
                    </keyword>
                    <keyword>
                        <gco:CharacterString>ppc4</gco:CharacterString>
                    </keyword>
                </MD_Keywords>
            </descriptiveKeywords>
            <descriptiveKeywords>
                <MD_Keywords>
                    <keyword>
                        <gco:CharacterString>Postcodevlakken</gco:CharacterString>
                    </keyword>
                    <keyword>
                        <gco:CharacterString>Postcodegebieden</gco:CharacterString>
                    </keyword>
                    <keyword>
                        <gco:CharacterString>gebieden</gco:CharacterString>
                    </keyword>
                    <keyword>
                        <gco:CharacterString>vlakken</gco:CharacterString>
                    </keyword>
                    <keyword>
                        <gco:CharacterString>Nederland</gco:CharacterString>
                    </keyword>
                    <keyword>
                        <gco:CharacterString>grenzen</gco:CharacterString>
                    </keyword>
                    <keyword>
                        <gco:CharacterString>postcodegrenzen</gco:CharacterString>
                    </keyword>
                    <keyword>
                        <gco:CharacterString>Postcode</gco:CharacterString>
                    </keyword>
                    <keyword>
                        <gco:CharacterString>boundaries</gco:CharacterString>
                    </keyword>
                    <keyword>
                        <gco:CharacterString>ppc</gco:CharacterString>
                    </keyword>
                    <keyword>
                        <gco:CharacterString>postcodegebied</gco:CharacterString>
                    </keyword>
                    <keyword>
                        <gco:CharacterString>postcodevlak</gco:CharacterString>
                    </keyword>
                    <keyword>
                        <gco:CharacterString>postcodevlakken</gco:CharacterString>
                    </keyword>
                    <keyword>
                        <gco:CharacterString>pc3 vlakken</gco:CharacterString>
                    </keyword>
                    <keyword>
                        <gco:CharacterString>Esri</gco:CharacterString>
                    </keyword>
                    <keyword>
                        <gco:CharacterString>Content</gco:CharacterString>
                    </keyword>
                    <keyword>
                        <gco:CharacterString>Holland</gco:CharacterString>
                    </keyword>
                    <keyword>
                        <gco:CharacterString>Netherlands</gco:CharacterString>
                    </keyword>
                    <keyword>
                        <gco:CharacterString>RD</gco:CharacterString>
                    </keyword>
                    <keyword>
                        <gco:CharacterString>Rijksdriehoeksstelsel</gco:CharacterString>
                    </keyword>
                    <keyword>
                        <gco:CharacterString>pc4</gco:CharacterString>
                    </keyword>
                    <keyword>
                        <gco:CharacterString>ppc4</gco:CharacterString>
                    </keyword>
                </MD_Keywords>
            </descriptiveKeywords>
            <descriptiveKeywords>
                <MD_Keywords>
                    <keyword>
                        <gco:CharacterString>Postcodevlakken</gco:CharacterString>
                    </keyword>
                    <keyword>
                        <gco:CharacterString>Postcodegebieden</gco:CharacterString>
                    </keyword>
                    <keyword>
                        <gco:CharacterString>gebieden</gco:CharacterString>
                    </keyword>
                    <keyword>
                        <gco:CharacterString>vlakken</gco:CharacterString>
                    </keyword>
                    <keyword>
                        <gco:CharacterString>Nederland</gco:CharacterString>
                    </keyword>
                    <keyword>
                        <gco:CharacterString>grenzen</gco:CharacterString>
                    </keyword>
                    <keyword>
                        <gco:CharacterString>postcodegrenzen</gco:CharacterString>
                    </keyword>
                    <keyword>
                        <gco:CharacterString>Postcode</gco:CharacterString>
                    </keyword>
                    <keyword>
                        <gco:CharacterString>boundaries</gco:CharacterString>
                    </keyword>
                    <keyword>
                        <gco:CharacterString>ppc</gco:CharacterString>
                    </keyword>
                    <keyword>
                        <gco:CharacterString>postcodegebied</gco:CharacterString>
                    </keyword>
                    <keyword>
                        <gco:CharacterString>postcodevlak</gco:CharacterString>
                    </keyword>
                    <keyword>
                        <gco:CharacterString>postcodevlakken</gco:CharacterString>
                    </keyword>
                    <keyword>
                        <gco:CharacterString>pc3 vlakken</gco:CharacterString>
                    </keyword>
                    <keyword>
                        <gco:CharacterString>Esri</gco:CharacterString>
                    </keyword>
                    <keyword>
                        <gco:CharacterString>Content</gco:CharacterString>
                    </keyword>
                    <keyword>
                        <gco:CharacterString>Holland</gco:CharacterString>
                    </keyword>
                    <keyword>
                        <gco:CharacterString>Netherlands</gco:CharacterString>
                    </keyword>
                    <keyword>
                        <gco:CharacterString>RD</gco:CharacterString>
                    </keyword>
                    <keyword>
                        <gco:CharacterString>Rijksdriehoeksstelsel</gco:CharacterString>
                    </keyword>
                    <keyword>
                        <gco:CharacterString>pc4</gco:CharacterString>
                    </keyword>
                    <keyword>
                        <gco:CharacterString>ppc4</gco:CharacterString>
                    </keyword>
                </MD_Keywords>
            </descriptiveKeywords>
            <descriptiveKeywords>
                <MD_Keywords>
                    <keyword>
                        <gco:CharacterString>Postcodevlakken</gco:CharacterString>
                    </keyword>
                    <keyword>
                        <gco:CharacterString>Postcodegebieden</gco:CharacterString>
                    </keyword>
                    <keyword>
                        <gco:CharacterString>gebieden</gco:CharacterString>
                    </keyword>
                    <keyword>
                        <gco:CharacterString>vlakken</gco:CharacterString>
                    </keyword>
                    <keyword>
                        <gco:CharacterString>Nederland</gco:CharacterString>
                    </keyword>
                    <keyword>
                        <gco:CharacterString>grenzen</gco:CharacterString>
                    </keyword>
                    <keyword>
                        <gco:CharacterString>postcodegrenzen</gco:CharacterString>
                    </keyword>
                    <keyword>
                        <gco:CharacterString>Postcode</gco:CharacterString>
                    </keyword>
                    <keyword>
                        <gco:CharacterString>boundaries</gco:CharacterString>
                    </keyword>
                    <keyword>
                        <gco:CharacterString>ppc</gco:CharacterString>
                    </keyword>
                    <keyword>
                        <gco:CharacterString>postcodegebied</gco:CharacterString>
                    </keyword>
                    <keyword>
                        <gco:CharacterString>postcodevlak</gco:CharacterString>
                    </keyword>
                    <keyword>
                        <gco:CharacterString>postcodevlakken</gco:CharacterString>
                    </keyword>
                    <keyword>
                        <gco:CharacterString>pc3 vlakken</gco:CharacterString>
                    </keyword>
                    <keyword>
                        <gco:CharacterString>Esri</gco:CharacterString>
                    </keyword>
                    <keyword>
                        <gco:CharacterString>Content</gco:CharacterString>
                    </keyword>
                    <keyword>
                        <gco:CharacterString>Holland</gco:CharacterString>
                    </keyword>
                    <keyword>
                        <gco:CharacterString>Netherlands</gco:CharacterString>
                    </keyword>
                    <keyword>
                        <gco:CharacterString>RD</gco:CharacterString>
                    </keyword>
                    <keyword>
                        <gco:CharacterString>Rijksdriehoeksstelsel</gco:CharacterString>
                    </keyword>
                    <keyword>
                        <gco:CharacterString>pc4</gco:CharacterString>
                    </keyword>
                    <keyword>
                        <gco:CharacterString>ppc4</gco:CharacterString>
                    </keyword>
                </MD_Keywords>
            </descriptiveKeywords>
            <descriptiveKeywords>
                <MD_Keywords>
                    <keyword>
                        <gco:CharacterString>Postcodevlakken</gco:CharacterString>
                    </keyword>
                    <keyword>
                        <gco:CharacterString>Postcodegebieden</gco:CharacterString>
                    </keyword>
                    <keyword>
                        <gco:CharacterString>gebieden</gco:CharacterString>
                    </keyword>
                    <keyword>
                        <gco:CharacterString>vlakken</gco:CharacterString>
                    </keyword>
                    <keyword>
                        <gco:CharacterString>Nederland</gco:CharacterString>
                    </keyword>
                    <keyword>
                        <gco:CharacterString>grenzen</gco:CharacterString>
                    </keyword>
                    <keyword>
                        <gco:CharacterString>postcodegrenzen</gco:CharacterString>
                    </keyword>
                    <keyword>
                        <gco:CharacterString>Postcode</gco:CharacterString>
                    </keyword>
                    <keyword>
                        <gco:CharacterString>boundaries</gco:CharacterString>
                    </keyword>
                    <keyword>
                        <gco:CharacterString>ppc</gco:CharacterString>
                    </keyword>
                    <keyword>
                        <gco:CharacterString>postcodegebied</gco:CharacterString>
                    </keyword>
                    <keyword>
                        <gco:CharacterString>postcodevlak</gco:CharacterString>
                    </keyword>
                    <keyword>
                        <gco:CharacterString>postcodevlakken</gco:CharacterString>
                    </keyword>
                    <keyword>
                        <gco:CharacterString>pc3 vlakken</gco:CharacterString>
                    </keyword>
                    <keyword>
                        <gco:CharacterString>Esri</gco:CharacterString>
                    </keyword>
                    <keyword>
                        <gco:CharacterString>Content</gco:CharacterString>
                    </keyword>
                    <keyword>
                        <gco:CharacterString>Holland</gco:CharacterString>
                    </keyword>
                    <keyword>
                        <gco:CharacterString>Netherlands</gco:CharacterString>
                    </keyword>
                    <keyword>
                        <gco:CharacterString>RD</gco:CharacterString>
                    </keyword>
                    <keyword>
                        <gco:CharacterString>Rijksdriehoeksstelsel</gco:CharacterString>
                    </keyword>
                    <keyword>
                        <gco:CharacterString>pc4</gco:CharacterString>
                    </keyword>
                    <keyword>
                        <gco:CharacterString>ppc4</gco:CharacterString>
                    </keyword>
                </MD_Keywords>
            </descriptiveKeywords>
            <descriptiveKeywords>
                <MD_Keywords>
                    <keyword>
                        <gco:CharacterString>Postcodevlakken</gco:CharacterString>
                    </keyword>
                    <keyword>
                        <gco:CharacterString>Postcodegebieden</gco:CharacterString>
                    </keyword>
                    <keyword>
                        <gco:CharacterString>gebieden</gco:CharacterString>
                    </keyword>
                    <keyword>
                        <gco:CharacterString>vlakken</gco:CharacterString>
                    </keyword>
                    <keyword>
                        <gco:CharacterString>Nederland</gco:CharacterString>
                    </keyword>
                    <keyword>
                        <gco:CharacterString>grenzen</gco:CharacterString>
                    </keyword>
                    <keyword>
                        <gco:CharacterString>postcodegrenzen</gco:CharacterString>
                    </keyword>
                    <keyword>
                        <gco:CharacterString>Postcode</gco:CharacterString>
                    </keyword>
                    <keyword>
                        <gco:CharacterString>boundaries</gco:CharacterString>
                    </keyword>
                    <keyword>
                        <gco:CharacterString>ppc</gco:CharacterString>
                    </keyword>
                    <keyword>
                        <gco:CharacterString>postcodegebied</gco:CharacterString>
                    </keyword>
                    <keyword>
                        <gco:CharacterString>postcodevlak</gco:CharacterString>
                    </keyword>
                    <keyword>
                        <gco:CharacterString>postcodevlakken</gco:CharacterString>
                    </keyword>
                    <keyword>
                        <gco:CharacterString>pc3 vlakken</gco:CharacterString>
                    </keyword>
                    <keyword>
                        <gco:CharacterString>Esri</gco:CharacterString>
                    </keyword>
                    <keyword>
                        <gco:CharacterString>Content</gco:CharacterString>
                    </keyword>
                    <keyword>
                        <gco:CharacterString>Holland</gco:CharacterString>
                    </keyword>
                    <keyword>
                        <gco:CharacterString>Netherlands</gco:CharacterString>
                    </keyword>
                    <keyword>
                        <gco:CharacterString>RD</gco:CharacterString>
                    </keyword>
                    <keyword>
                        <gco:CharacterString>Rijksdriehoeksstelsel</gco:CharacterString>
                    </keyword>
                    <keyword>
                        <gco:CharacterString>pc4</gco:CharacterString>
                    </keyword>
                    <keyword>
                        <gco:CharacterString>ppc4</gco:CharacterString>
                    </keyword>
                </MD_Keywords>
            </descriptiveKeywords>
            <descriptiveKeywords>
                <MD_Keywords>
                    <keyword>
                        <gco:CharacterString>Postcodevlakken</gco:CharacterString>
                    </keyword>
                    <keyword>
                        <gco:CharacterString>Postcodegebieden</gco:CharacterString>
                    </keyword>
                    <keyword>
                        <gco:CharacterString>gebieden</gco:CharacterString>
                    </keyword>
                    <keyword>
                        <gco:CharacterString>vlakken</gco:CharacterString>
                    </keyword>
                    <keyword>
                        <gco:CharacterString>Nederland</gco:CharacterString>
                    </keyword>
                    <keyword>
                        <gco:CharacterString>grenzen</gco:CharacterString>
                    </keyword>
                    <keyword>
                        <gco:CharacterString>postcodegrenzen</gco:CharacterString>
                    </keyword>
                    <keyword>
                        <gco:CharacterString>Postcode</gco:CharacterString>
                    </keyword>
                    <keyword>
                        <gco:CharacterString>boundaries</gco:CharacterString>
                    </keyword>
                    <keyword>
                        <gco:CharacterString>ppc</gco:CharacterString>
                    </keyword>
                    <keyword>
                        <gco:CharacterString>postcodegebied</gco:CharacterString>
                    </keyword>
                    <keyword>
                        <gco:CharacterString>postcodevlak</gco:CharacterString>
                    </keyword>
                    <keyword>
                        <gco:CharacterString>postcodevlakken</gco:CharacterString>
                    </keyword>
                    <keyword>
                        <gco:CharacterString>pc3 vlakken</gco:CharacterString>
                    </keyword>
                    <keyword>
                        <gco:CharacterString>Esri</gco:CharacterString>
                    </keyword>
                    <keyword>
                        <gco:CharacterString>Content</gco:CharacterString>
                    </keyword>
                    <keyword>
                        <gco:CharacterString>Holland</gco:CharacterString>
                    </keyword>
                    <keyword>
                        <gco:CharacterString>Netherlands</gco:CharacterString>
                    </keyword>
                    <keyword>
                        <gco:CharacterString>RD</gco:CharacterString>
                    </keyword>
                    <keyword>
                        <gco:CharacterString>Rijksdriehoeksstelsel</gco:CharacterString>
                    </keyword>
                    <keyword>
                        <gco:CharacterString>pc4</gco:CharacterString>
                    </keyword>
                    <keyword>
                        <gco:CharacterString>ppc4</gco:CharacterString>
                    </keyword>
                </MD_Keywords>
            </descriptiveKeywords>
            <descriptiveKeywords>
                <MD_Keywords>
                    <keyword>
                        <gco:CharacterString>Postcodevlakken</gco:CharacterString>
                    </keyword>
                    <keyword>
                        <gco:CharacterString>Postcodegebieden</gco:CharacterString>
                    </keyword>
                    <keyword>
                        <gco:CharacterString>gebieden</gco:CharacterString>
                    </keyword>
                    <keyword>
                        <gco:CharacterString>vlakken</gco:CharacterString>
                    </keyword>
                    <keyword>
                        <gco:CharacterString>Nederland</gco:CharacterString>
                    </keyword>
                    <keyword>
                        <gco:CharacterString>grenzen</gco:CharacterString>
                    </keyword>
                    <keyword>
                        <gco:CharacterString>postcodegrenzen</gco:CharacterString>
                    </keyword>
                    <keyword>
                        <gco:CharacterString>Postcode</gco:CharacterString>
                    </keyword>
                    <keyword>
                        <gco:CharacterString>boundaries</gco:CharacterString>
                    </keyword>
                    <keyword>
                        <gco:CharacterString>ppc</gco:CharacterString>
                    </keyword>
                    <keyword>
                        <gco:CharacterString>postcodegebied</gco:CharacterString>
                    </keyword>
                    <keyword>
                        <gco:CharacterString>postcodevlak</gco:CharacterString>
                    </keyword>
                    <keyword>
                        <gco:CharacterString>postcodevlakken</gco:CharacterString>
                    </keyword>
                    <keyword>
                        <gco:CharacterString>pc3 vlakken</gco:CharacterString>
                    </keyword>
                    <keyword>
                        <gco:CharacterString>Esri</gco:CharacterString>
                    </keyword>
                    <keyword>
                        <gco:CharacterString>Content</gco:CharacterString>
                    </keyword>
                    <keyword>
                        <gco:CharacterString>Holland</gco:CharacterString>
                    </keyword>
                    <keyword>
                        <gco:CharacterString>Netherlands</gco:CharacterString>
                    </keyword>
                    <keyword>
                        <gco:CharacterString>RD</gco:CharacterString>
                    </keyword>
                    <keyword>
                        <gco:CharacterString>Rijksdriehoeksstelsel</gco:CharacterString>
                    </keyword>
                    <keyword>
                        <gco:CharacterString>pc4</gco:CharacterString>
                    </keyword>
                    <keyword>
                        <gco:CharacterString>ppc4</gco:CharacterString>
                    </keyword>
                </MD_Keywords>
            </descriptiveKeywords>
            <descriptiveKeywords>
                <MD_Keywords>
                    <keyword>
                        <gco:CharacterString>Postcodevlakken</gco:CharacterString>
                    </keyword>
                    <keyword>
                        <gco:CharacterString>Postcodegebieden</gco:CharacterString>
                    </keyword>
                    <keyword>
                        <gco:CharacterString>gebieden</gco:CharacterString>
                    </keyword>
                    <keyword>
                        <gco:CharacterString>vlakken</gco:CharacterString>
                    </keyword>
                    <keyword>
                        <gco:CharacterString>Nederland</gco:CharacterString>
                    </keyword>
                    <keyword>
                        <gco:CharacterString>grenzen</gco:CharacterString>
                    </keyword>
                    <keyword>
                        <gco:CharacterString>postcodegrenzen</gco:CharacterString>
                    </keyword>
                    <keyword>
                        <gco:CharacterString>Postcode</gco:CharacterString>
                    </keyword>
                    <keyword>
                        <gco:CharacterString>boundaries</gco:CharacterString>
                    </keyword>
                    <keyword>
                        <gco:CharacterString>ppc</gco:CharacterString>
                    </keyword>
                    <keyword>
                        <gco:CharacterString>postcodegebied</gco:CharacterString>
                    </keyword>
                    <keyword>
                        <gco:CharacterString>postcodevlak</gco:CharacterString>
                    </keyword>
                    <keyword>
                        <gco:CharacterString>postcodevlakken</gco:CharacterString>
                    </keyword>
                    <keyword>
                        <gco:CharacterString>pc3 vlakken</gco:CharacterString>
                    </keyword>
                    <keyword>
                        <gco:CharacterString>Esri</gco:CharacterString>
                    </keyword>
                    <keyword>
                        <gco:CharacterString>Content</gco:CharacterString>
                    </keyword>
                    <keyword>
                        <gco:CharacterString>Holland</gco:CharacterString>
                    </keyword>
                    <keyword>
                        <gco:CharacterString>Netherlands</gco:CharacterString>
                    </keyword>
                    <keyword>
                        <gco:CharacterString>RD</gco:CharacterString>
                    </keyword>
                    <keyword>
                        <gco:CharacterString>Rijksdriehoeksstelsel</gco:CharacterString>
                    </keyword>
                    <keyword>
                        <gco:CharacterString>pc4</gco:CharacterString>
                    </keyword>
                    <keyword>
                        <gco:CharacterString>ppc4</gco:CharacterString>
                    </keyword>
                </MD_Keywords>
            </descriptiveKeywords>
            <descriptiveKeywords>
                <MD_Keywords>
                    <keyword>
                        <gco:CharacterString>Postcodevlakken</gco:CharacterString>
                    </keyword>
                    <keyword>
                        <gco:CharacterString>Postcodegebieden</gco:CharacterString>
                    </keyword>
                    <keyword>
                        <gco:CharacterString>gebieden</gco:CharacterString>
                    </keyword>
                    <keyword>
                        <gco:CharacterString>vlakken</gco:CharacterString>
                    </keyword>
                    <keyword>
                        <gco:CharacterString>Nederland</gco:CharacterString>
                    </keyword>
                    <keyword>
                        <gco:CharacterString>grenzen</gco:CharacterString>
                    </keyword>
                    <keyword>
                        <gco:CharacterString>postcodegrenzen</gco:CharacterString>
                    </keyword>
                    <keyword>
                        <gco:CharacterString>Postcode</gco:CharacterString>
                    </keyword>
                    <keyword>
                        <gco:CharacterString>boundaries</gco:CharacterString>
                    </keyword>
                    <keyword>
                        <gco:CharacterString>ppc</gco:CharacterString>
                    </keyword>
                    <keyword>
                        <gco:CharacterString>postcodegebied</gco:CharacterString>
                    </keyword>
                    <keyword>
                        <gco:CharacterString>postcodevlak</gco:CharacterString>
                    </keyword>
                    <keyword>
                        <gco:CharacterString>postcodevlakken</gco:CharacterString>
                    </keyword>
                    <keyword>
                        <gco:CharacterString>pc3 vlakken</gco:CharacterString>
                    </keyword>
                    <keyword>
                        <gco:CharacterString>Esri</gco:CharacterString>
                    </keyword>
                    <keyword>
                        <gco:CharacterString>Content</gco:CharacterString>
                    </keyword>
                    <keyword>
                        <gco:CharacterString>Holland</gco:CharacterString>
                    </keyword>
                    <keyword>
                        <gco:CharacterString>Netherlands</gco:CharacterString>
                    </keyword>
                    <keyword>
                        <gco:CharacterString>RD</gco:CharacterString>
                    </keyword>
                    <keyword>
                        <gco:CharacterString>Rijksdriehoeksstelsel</gco:CharacterString>
                    </keyword>
                    <keyword>
                        <gco:CharacterString>pc4</gco:CharacterString>
                    </keyword>
                    <keyword>
                        <gco:CharacterString>ppc4</gco:CharacterString>
                    </keyword>
                </MD_Keywords>
            </descriptiveKeywords>
            <descriptiveKeywords>
                <MD_Keywords>
                    <keyword>
                        <gco:CharacterString>Postcodevlakken</gco:CharacterString>
                    </keyword>
                    <keyword>
                        <gco:CharacterString>Postcodegebieden</gco:CharacterString>
                    </keyword>
                    <keyword>
                        <gco:CharacterString>gebieden</gco:CharacterString>
                    </keyword>
                    <keyword>
                        <gco:CharacterString>vlakken</gco:CharacterString>
                    </keyword>
                    <keyword>
                        <gco:CharacterString>Nederland</gco:CharacterString>
                    </keyword>
                    <keyword>
                        <gco:CharacterString>grenzen</gco:CharacterString>
                    </keyword>
                    <keyword>
                        <gco:CharacterString>postcodegrenzen</gco:CharacterString>
                    </keyword>
                    <keyword>
                        <gco:CharacterString>Postcode</gco:CharacterString>
                    </keyword>
                    <keyword>
                        <gco:CharacterString>boundaries</gco:CharacterString>
                    </keyword>
                    <keyword>
                        <gco:CharacterString>ppc</gco:CharacterString>
                    </keyword>
                    <keyword>
                        <gco:CharacterString>postcodegebied</gco:CharacterString>
                    </keyword>
                    <keyword>
                        <gco:CharacterString>postcodevlak</gco:CharacterString>
                    </keyword>
                    <keyword>
                        <gco:CharacterString>postcodevlakken</gco:CharacterString>
                    </keyword>
                    <keyword>
                        <gco:CharacterString>pc3 vlakken</gco:CharacterString>
                    </keyword>
                    <keyword>
                        <gco:CharacterString>Esri</gco:CharacterString>
                    </keyword>
                    <keyword>
                        <gco:CharacterString>Content</gco:CharacterString>
                    </keyword>
                    <keyword>
                        <gco:CharacterString>Holland</gco:CharacterString>
                    </keyword>
                    <keyword>
                        <gco:CharacterString>Netherlands</gco:CharacterString>
                    </keyword>
                    <keyword>
                        <gco:CharacterString>RD</gco:CharacterString>
                    </keyword>
                    <keyword>
                        <gco:CharacterString>Rijksdriehoeksstelsel</gco:CharacterString>
                    </keyword>
                    <keyword>
                        <gco:CharacterString>pc4</gco:CharacterString>
                    </keyword>
                    <keyword>
                        <gco:CharacterString>ppc4</gco:CharacterString>
                    </keyword>
                </MD_Keywords>
            </descriptiveKeywords>
            <descriptiveKeywords>
                <MD_Keywords>
                    <keyword>
                        <gco:CharacterString>Postcodevlakken</gco:CharacterString>
                    </keyword>
                    <keyword>
                        <gco:CharacterString>Postcodegebieden</gco:CharacterString>
                    </keyword>
                    <keyword>
                        <gco:CharacterString>gebieden</gco:CharacterString>
                    </keyword>
                    <keyword>
                        <gco:CharacterString>vlakken</gco:CharacterString>
                    </keyword>
                    <keyword>
                        <gco:CharacterString>Nederland</gco:CharacterString>
                    </keyword>
                    <keyword>
                        <gco:CharacterString>grenzen</gco:CharacterString>
                    </keyword>
                    <keyword>
                        <gco:CharacterString>postcodegrenzen</gco:CharacterString>
                    </keyword>
                    <keyword>
                        <gco:CharacterString>Postcode</gco:CharacterString>
                    </keyword>
                    <keyword>
                        <gco:CharacterString>boundaries</gco:CharacterString>
                    </keyword>
                    <keyword>
                        <gco:CharacterString>ppc</gco:CharacterString>
                    </keyword>
                    <keyword>
                        <gco:CharacterString>postcodegebied</gco:CharacterString>
                    </keyword>
                    <keyword>
                        <gco:CharacterString>postcodevlak</gco:CharacterString>
                    </keyword>
                    <keyword>
                        <gco:CharacterString>postcodevlakken</gco:CharacterString>
                    </keyword>
                    <keyword>
                        <gco:CharacterString>pc3 vlakken</gco:CharacterString>
                    </keyword>
                    <keyword>
                        <gco:CharacterString>Esri</gco:CharacterString>
                    </keyword>
                    <keyword>
                        <gco:CharacterString>Content</gco:CharacterString>
                    </keyword>
                    <keyword>
                        <gco:CharacterString>Holland</gco:CharacterString>
                    </keyword>
                    <keyword>
                        <gco:CharacterString>Netherlands</gco:CharacterString>
                    </keyword>
                    <keyword>
                        <gco:CharacterString>RD</gco:CharacterString>
                    </keyword>
                    <keyword>
                        <gco:CharacterString>Rijksdriehoeksstelsel</gco:CharacterString>
                    </keyword>
                    <keyword>
                        <gco:CharacterString>pc4</gco:CharacterString>
                    </keyword>
                    <keyword>
                        <gco:CharacterString>ppc4</gco:CharacterString>
                    </keyword>
                </MD_Keywords>
            </descriptiveKeywords>
            <descriptiveKeywords>
                <MD_Keywords>
                    <keyword>
                        <gco:CharacterString>Postcodevlakken</gco:CharacterString>
                    </keyword>
                    <keyword>
                        <gco:CharacterString>Postcodegebieden</gco:CharacterString>
                    </keyword>
                    <keyword>
                        <gco:CharacterString>gebieden</gco:CharacterString>
                    </keyword>
                    <keyword>
                        <gco:CharacterString>vlakken</gco:CharacterString>
                    </keyword>
                    <keyword>
                        <gco:CharacterString>Nederland</gco:CharacterString>
                    </keyword>
                    <keyword>
                        <gco:CharacterString>grenzen</gco:CharacterString>
                    </keyword>
                    <keyword>
                        <gco:CharacterString>postcodegrenzen</gco:CharacterString>
                    </keyword>
                    <keyword>
                        <gco:CharacterString>Postcode</gco:CharacterString>
                    </keyword>
                    <keyword>
                        <gco:CharacterString>boundaries</gco:CharacterString>
                    </keyword>
                    <keyword>
                        <gco:CharacterString>ppc</gco:CharacterString>
                    </keyword>
                    <keyword>
                        <gco:CharacterString>postcodegebied</gco:CharacterString>
                    </keyword>
                    <keyword>
                        <gco:CharacterString>postcodevlak</gco:CharacterString>
                    </keyword>
                    <keyword>
                        <gco:CharacterString>postcodevlakken</gco:CharacterString>
                    </keyword>
                    <keyword>
                        <gco:CharacterString>pc3 vlakken</gco:CharacterString>
                    </keyword>
                    <keyword>
                        <gco:CharacterString>Esri</gco:CharacterString>
                    </keyword>
                    <keyword>
                        <gco:CharacterString>Content</gco:CharacterString>
                    </keyword>
                    <keyword>
                        <gco:CharacterString>Holland</gco:CharacterString>
                    </keyword>
                    <keyword>
                        <gco:CharacterString>Netherlands</gco:CharacterString>
                    </keyword>
                    <keyword>
                        <gco:CharacterString>RD</gco:CharacterString>
                    </keyword>
                    <keyword>
                        <gco:CharacterString>Rijksdriehoeksstelsel</gco:CharacterString>
                    </keyword>
                    <keyword>
                        <gco:CharacterString>pc4</gco:CharacterString>
                    </keyword>
                    <keyword>
                        <gco:CharacterString>ppc4</gco:CharacterString>
                    </keyword>
                </MD_Keywords>
            </descriptiveKeywords>
            <descriptiveKeywords>
                <MD_Keywords>
                    <keyword>
                        <gco:CharacterString>Postcodevlakken</gco:CharacterString>
                    </keyword>
                    <keyword>
                        <gco:CharacterString>Postcodegebieden</gco:CharacterString>
                    </keyword>
                    <keyword>
                        <gco:CharacterString>gebieden</gco:CharacterString>
                    </keyword>
                    <keyword>
                        <gco:CharacterString>vlakken</gco:CharacterString>
                    </keyword>
                    <keyword>
                        <gco:CharacterString>Nederland</gco:CharacterString>
                    </keyword>
                    <keyword>
                        <gco:CharacterString>grenzen</gco:CharacterString>
                    </keyword>
                    <keyword>
                        <gco:CharacterString>postcodegrenzen</gco:CharacterString>
                    </keyword>
                    <keyword>
                        <gco:CharacterString>Postcode</gco:CharacterString>
                    </keyword>
                    <keyword>
                        <gco:CharacterString>boundaries</gco:CharacterString>
                    </keyword>
                    <keyword>
                        <gco:CharacterString>ppc</gco:CharacterString>
                    </keyword>
                    <keyword>
                        <gco:CharacterString>postcodegebied</gco:CharacterString>
                    </keyword>
                    <keyword>
                        <gco:CharacterString>postcodevlak</gco:CharacterString>
                    </keyword>
                    <keyword>
                        <gco:CharacterString>postcodevlakken</gco:CharacterString>
                    </keyword>
                    <keyword>
                        <gco:CharacterString>pc3 vlakken</gco:CharacterString>
                    </keyword>
                    <keyword>
                        <gco:CharacterString>Esri</gco:CharacterString>
                    </keyword>
                    <keyword>
                        <gco:CharacterString>Content</gco:CharacterString>
                    </keyword>
                    <keyword>
                        <gco:CharacterString>Holland</gco:CharacterString>
                    </keyword>
                    <keyword>
                        <gco:CharacterString>Netherlands</gco:CharacterString>
                    </keyword>
                    <keyword>
                        <gco:CharacterString>RD</gco:CharacterString>
                    </keyword>
                    <keyword>
                        <gco:CharacterString>Rijksdriehoeksstelsel</gco:CharacterString>
                    </keyword>
                    <keyword>
                        <gco:CharacterString>pc4</gco:CharacterString>
                    </keyword>
                    <keyword>
                        <gco:CharacterString>ppc4</gco:CharacterString>
                    </keyword>
                </MD_Keywords>
            </descriptiveKeywords>
            <resourceConstraints>
                <MD_Constraints>
                    <useLimitation>
                        <gco:CharacterString>Op het gebruik van deze data en services zijn van toepassing de Esri Nederland Terms of Use. U dient hiervan voor gebruik van de data en services kennis te nemen. Zodra u de data of services gebruikt of downloadt stemt u in met deze Terms of Use. </gco:CharacterString>
                    </useLimitation>
                </MD_Constraints>
            </resourceConstraints>
            <language gco:nilReason="missing"/>
            <characterSet>
                <MD_CharacterSetCode codeList="http://www.isotc211.org/2005/resources/Codelist/gmxCodelists.xml#MD_CharacterSetCode" codeListValue="utf8" codeSpace="ISOTC211/19115">utf8</MD_CharacterSetCode>
            </characterSet>
        </MD_DataIdentification>
    </identificationInfo>
</MD_Metadata>
