<metadata xml:lang="nl"><Esri><CreaDate>20200928</CreaDate><CreaTime>08385300</CreaTime><ArcGISFormat>1.0</ArcGISFormat><SyncOnce>FALSE</SyncOnce><DataProperties><itemProps><itemName Sync="TRUE">wijk_2020_v1</itemName><imsContentType Sync="TRUE">002</imsContentType><itemLocation><linkage Sync="TRUE">file://\\cbsp.nl\productie\primair\TOP\Werk\KWB_buurtkaart\Publicatie_2020\2020\wijk_2020_v1.shp</linkage><protocol Sync="TRUE">Local Area Network</protocol></itemLocation><itemSize Sync="TRUE">0.000</itemSize></itemProps><coordRef><type Sync="TRUE">Projected</type><geogcsn Sync="TRUE">GCS_Amersfoort</geogcsn><csUnits Sync="TRUE">Linear Unit: Meter (1.000000)</csUnits><projcsn Sync="TRUE">RD_New</projcsn><peXml Sync="TRUE">&lt;ProjectedCoordinateSystem xsi:type='typens:ProjectedCoordinateSystem' xmlns:xsi='http://www.w3.org/2001/XMLSchema-instance' xmlns:xs='http://www.w3.org/2001/XMLSchema' xmlns:typens='http://www.esri.com/schemas/ArcGIS/10.5'&gt;&lt;WKT&gt;PROJCS[&amp;quot;RD_New&amp;quot;,GEOGCS[&amp;quot;GCS_Amersfoort&amp;quot;,DATUM[&amp;quot;D_Amersfoort&amp;quot;,SPHEROID[&amp;quot;Bessel_1841&amp;quot;,6377397.155,299.1528128]],PRIMEM[&amp;quot;Greenwich&amp;quot;,0.0],UNIT[&amp;quot;Degree&amp;quot;,0.0174532925199433]],PROJECTION[&amp;quot;Double_Stereographic&amp;quot;],PARAMETER[&amp;quot;False_Easting&amp;quot;,155000.0],PARAMETER[&amp;quot;False_Northing&amp;quot;,463000.0],PARAMETER[&amp;quot;Central_Meridian&amp;quot;,5.38763888888889],PARAMETER[&amp;quot;Scale_Factor&amp;quot;,0.9999079],PARAMETER[&amp;quot;Latitude_Of_Origin&amp;quot;,52.15616055555555],UNIT[&amp;quot;Meter&amp;quot;,1.0],AUTHORITY[&amp;quot;EPSG&amp;quot;,28992]]&lt;/WKT&gt;&lt;XOrigin&gt;-30515500&lt;/XOrigin&gt;&lt;YOrigin&gt;-30279500&lt;/YOrigin&gt;&lt;XYScale&gt;146716411.36275291&lt;/XYScale&gt;&lt;ZOrigin&gt;-100000&lt;/ZOrigin&gt;&lt;ZScale&gt;10000&lt;/ZScale&gt;&lt;MOrigin&gt;-100000&lt;/MOrigin&gt;&lt;MScale&gt;10000&lt;/MScale&gt;&lt;XYTolerance&gt;0.001&lt;/XYTolerance&gt;&lt;ZTolerance&gt;0.001&lt;/ZTolerance&gt;&lt;MTolerance&gt;0.001&lt;/MTolerance&gt;&lt;HighPrecision&gt;true&lt;/HighPrecision&gt;&lt;WKID&gt;28992&lt;/WKID&gt;&lt;LatestWKID&gt;28992&lt;/LatestWKID&gt;&lt;/ProjectedCoordinateSystem&gt;</peXml></coordRef><lineage><Process ToolSource="c:\program files (x86)\arcgis\desktop10.5\ArcToolbox\Toolboxes\Data Management Tools.tbx\Merge" Date="20200928" Time="083855">Merge E:\KWB_oana\Publicatie_2020\\2020\wijk_2020_v1water.shp;E:\KWB_oana\Publicatie_2020\\2020\wijk_2020_v1zw.shp E:\KWB_oana\Publicatie_2020\KWB2020def.gdb\wij "WK_CODE "WK_CODE" true true false 8 Text 0 0 ,First,#,E:\KWB_oana\Publicatie_2020\\2020\wijk_2020_v1water.shp,WK_CODE,-1,-1,E:\KWB_oana\Publicatie_2020\\2020\wijk_2020_v1zw.shp,WK_CODE,-1,-1;JRSTATCODE "JRSTATCODE" true true false 12 Text 0 0 ,First,#,E:\KWB_oana\Publicatie_2020\\2020\wijk_2020_v1water.shp,JRSTATCODE,-1,-1,E:\KWB_oana\Publicatie_2020\\2020\wijk_2020_v1zw.shp,JRSTATCODE,-1,-1;WK_NAAM "WK_NAAM" true true false 60 Text 0 0 ,First,#,E:\KWB_oana\Publicatie_2020\\2020\wijk_2020_v1water.shp,WK_NAAM,-1,-1,E:\KWB_oana\Publicatie_2020\\2020\wijk_2020_v1zw.shp,WK_NAAM,-1,-1;GM_CODE "GM_CODE" true true false 6 Text 0 0 ,First,#,E:\KWB_oana\Publicatie_2020\\2020\wijk_2020_v1water.shp,GM_CODE,-1,-1,E:\KWB_oana\Publicatie_2020\\2020\wijk_2020_v1zw.shp,GM_CODE,-1,-1;GM_NAAM "GM_NAAM" true true false 60 Text 0 0 ,First,#,E:\KWB_oana\Publicatie_2020\\2020\wijk_2020_v1water.shp,GM_NAAM,-1,-1,E:\KWB_oana\Publicatie_2020\\2020\wijk_2020_v1zw.shp,GM_NAAM,-1,-1;IND_WBI "IND_WBI" true true false 10 Long 0 10 ,First,#,E:\KWB_oana\Publicatie_2020\\2020\wijk_2020_v1water.shp,IND_WBI,-1,-1,E:\KWB_oana\Publicatie_2020\\2020\wijk_2020_v1zw.shp,IND_WBI,-1,-1;H2O "H2O" true true false 4 Text 0 0 ,First,#,E:\KWB_oana\Publicatie_2020\\2020\wijk_2020_v1water.shp,H2O,-1,-1,E:\KWB_oana\Publicatie_2020\\2020\wijk_2020_v1zw.shp,H2O,-1,-1;OAD "OAD" true true false 10 Long 0 10 ,First,#,E:\KWB_oana\Publicatie_2020\\2020\wijk_2020_v1water.shp,OAD,-1,-1,E:\KWB_oana\Publicatie_2020\\2020\wijk_2020_v1zw.shp,OAD,-1,-1;STED "STED" true true false 10 Long 0 10 ,First,#,E:\KWB_oana\Publicatie_2020\\2020\wijk_2020_v1water.shp,STED,-1,-1,E:\KWB_oana\Publicatie_2020\\2020\wijk_2020_v1zw.shp,STED,-1,-1;BEV_DICHTH "BEV_DICHTH" true true false 10 Long 0 10 ,First,#,E:\KWB_oana\Publicatie_2020\\2020\wijk_2020_v1water.shp,BEV_DICHTH,-1,-1,E:\KWB_oana\Publicatie_2020\\2020\wijk_2020_v1zw.shp,BEV_DICHTH,-1,-1;AANT_INW "AANT_INW" true true false 10 Long 0 10 ,First,#,E:\KWB_oana\Publicatie_2020\\2020\wijk_2020_v1water.shp,AANT_INW,-1,-1,E:\KWB_oana\Publicatie_2020\\2020\wijk_2020_v1zw.shp,AANT_INW,-1,-1;AANT_MAN "AANT_MAN" true true false 10 Long 0 10 ,First,#,E:\KWB_oana\Publicatie_2020\\2020\wijk_2020_v1water.shp,AANT_MAN,-1,-1,E:\KWB_oana\Publicatie_2020\\2020\wijk_2020_v1zw.shp,AANT_MAN,-1,-1;AANT_VROUW "AANT_VROUW" true true false 10 Long 0 10 ,First,#,E:\KWB_oana\Publicatie_2020\\2020\wijk_2020_v1water.shp,AANT_VROUW,-1,-1,E:\KWB_oana\Publicatie_2020\\2020\wijk_2020_v1zw.shp,AANT_VROUW,-1,-1;P_00_14_JR "P_00_14_JR" true true false 10 Long 0 10 ,First,#,E:\KWB_oana\Publicatie_2020\\2020\wijk_2020_v1water.shp,P_00_14_JR,-1,-1,E:\KWB_oana\Publicatie_2020\\2020\wijk_2020_v1zw.shp,P_00_14_JR,-1,-1;P_15_24_JR "P_15_24_JR" true true false 10 Long 0 10 ,First,#,E:\KWB_oana\Publicatie_2020\\2020\wijk_2020_v1water.shp,P_15_24_JR,-1,-1,E:\KWB_oana\Publicatie_2020\\2020\wijk_2020_v1zw.shp,P_15_24_JR,-1,-1;P_25_44_JR "P_25_44_JR" true true false 10 Long 0 10 ,First,#,E:\KWB_oana\Publicatie_2020\\2020\wijk_2020_v1water.shp,P_25_44_JR,-1,-1,E:\KWB_oana\Publicatie_2020\\2020\wijk_2020_v1zw.shp,P_25_44_JR,-1,-1;P_45_64_JR "P_45_64_JR" true true false 10 Long 0 10 ,First,#,E:\KWB_oana\Publicatie_2020\\2020\wijk_2020_v1water.shp,P_45_64_JR,-1,-1,E:\KWB_oana\Publicatie_2020\\2020\wijk_2020_v1zw.shp,P_45_64_JR,-1,-1;P_65_EO_JR "P_65_EO_JR" true true false 10 Long 0 10 ,First,#,E:\KWB_oana\Publicatie_2020\\2020\wijk_2020_v1water.shp,P_65_EO_JR,-1,-1,E:\KWB_oana\Publicatie_2020\\2020\wijk_2020_v1zw.shp,P_65_EO_JR,-1,-1;P_ONGEHUWD "P_ONGEHUWD" true true false 10 Long 0 10 ,First,#,E:\KWB_oana\Publicatie_2020\\2020\wijk_2020_v1water.shp,P_ONGEHUWD,-1,-1,E:\KWB_oana\Publicatie_2020\\2020\wijk_2020_v1zw.shp,P_ONGEHUWD,-1,-1;P_GEHUWD "P_GEHUWD" true true false 10 Long 0 10 ,First,#,E:\KWB_oana\Publicatie_2020\\2020\wijk_2020_v1water.shp,P_GEHUWD,-1,-1,E:\KWB_oana\Publicatie_2020\\2020\wijk_2020_v1zw.shp,P_GEHUWD,-1,-1;P_GESCHEID "P_GESCHEID" true true false 10 Long 0 10 ,First,#,E:\KWB_oana\Publicatie_2020\\2020\wijk_2020_v1water.shp,P_GESCHEID,-1,-1,E:\KWB_oana\Publicatie_2020\\2020\wijk_2020_v1zw.shp,P_GESCHEID,-1,-1;P_VERWEDUW "P_VERWEDUW" true true false 10 Long 0 10 ,First,#,E:\KWB_oana\Publicatie_2020\\2020\wijk_2020_v1water.shp,P_VERWEDUW,-1,-1,E:\KWB_oana\Publicatie_2020\\2020\wijk_2020_v1zw.shp,P_VERWEDUW,-1,-1;AANTAL_HH "AANTAL_HH" true true false 10 Long 0 10 ,First,#,E:\KWB_oana\Publicatie_2020\\2020\wijk_2020_v1water.shp,AANTAL_HH,-1,-1,E:\KWB_oana\Publicatie_2020\\2020\wijk_2020_v1zw.shp,AANTAL_HH,-1,-1;P_EENP_HH "P_EENP_HH" true true false 10 Long 0 10 ,First,#,E:\KWB_oana\Publicatie_2020\\2020\wijk_2020_v1water.shp,P_EENP_HH,-1,-1,E:\KWB_oana\Publicatie_2020\\2020\wijk_2020_v1zw.shp,P_EENP_HH,-1,-1;P_HH_Z_K "P_HH_Z_K" true true false 10 Long 0 10 ,First,#,E:\KWB_oana\Publicatie_2020\\2020\wijk_2020_v1water.shp,P_HH_Z_K,-1,-1,E:\KWB_oana\Publicatie_2020\\2020\wijk_2020_v1zw.shp,P_HH_Z_K,-1,-1;P_HH_M_K "P_HH_M_K" true true false 10 Long 0 10 ,First,#,E:\KWB_oana\Publicatie_2020\\2020\wijk_2020_v1water.shp,P_HH_M_K,-1,-1,E:\KWB_oana\Publicatie_2020\\2020\wijk_2020_v1zw.shp,P_HH_M_K,-1,-1;GEM_HH_GR "GEM_HH_GR" true true false 11 Double 1 10 ,First,#,E:\KWB_oana\Publicatie_2020\\2020\wijk_2020_v1water.shp,GEM_HH_GR,-1,-1,E:\KWB_oana\Publicatie_2020\\2020\wijk_2020_v1zw.shp,GEM_HH_GR,-1,-1;P_WEST_AL "P_WEST_AL" true true false 10 Long 0 10 ,First,#,E:\KWB_oana\Publicatie_2020\\2020\wijk_2020_v1water.shp,P_WEST_AL,-1,-1,E:\KWB_oana\Publicatie_2020\\2020\wijk_2020_v1zw.shp,P_WEST_AL,-1,-1;P_N_W_AL "P_N_W_AL" true true false 10 Long 0 10 ,First,#,E:\KWB_oana\Publicatie_2020\\2020\wijk_2020_v1water.shp,P_N_W_AL,-1,-1,E:\KWB_oana\Publicatie_2020\\2020\wijk_2020_v1zw.shp,P_N_W_AL,-1,-1;P_MAROKKO "P_MAROKKO" true true false 10 Long 0 10 ,First,#,E:\KWB_oana\Publicatie_2020\\2020\wijk_2020_v1water.shp,P_MAROKKO,-1,-1,E:\KWB_oana\Publicatie_2020\\2020\wijk_2020_v1zw.shp,P_MAROKKO,-1,-1;P_ANT_ARU "P_ANT_ARU" true true false 10 Long 0 10 ,First,#,E:\KWB_oana\Publicatie_2020\\2020\wijk_2020_v1water.shp,P_ANT_ARU,-1,-1,E:\KWB_oana\Publicatie_2020\\2020\wijk_2020_v1zw.shp,P_ANT_ARU,-1,-1;P_SURINAM "P_SURINAM" true true false 10 Long 0 10 ,First,#,E:\KWB_oana\Publicatie_2020\\2020\wijk_2020_v1water.shp,P_SURINAM,-1,-1,E:\KWB_oana\Publicatie_2020\\2020\wijk_2020_v1zw.shp,P_SURINAM,-1,-1;P_TURKIJE "P_TURKIJE" true true false 10 Long 0 10 ,First,#,E:\KWB_oana\Publicatie_2020\\2020\wijk_2020_v1water.shp,P_TURKIJE,-1,-1,E:\KWB_oana\Publicatie_2020\\2020\wijk_2020_v1zw.shp,P_TURKIJE,-1,-1;P_OVER_NW "P_OVER_NW" true true false 10 Long 0 10 ,First,#,E:\KWB_oana\Publicatie_2020\\2020\wijk_2020_v1water.shp,P_OVER_NW,-1,-1,E:\KWB_oana\Publicatie_2020\\2020\wijk_2020_v1zw.shp,P_OVER_NW,-1,-1;OPP_TOT "OPP_TOT" true true false 10 Long 0 10 ,First,#,E:\KWB_oana\Publicatie_2020\\2020\wijk_2020_v1water.shp,OPP_TOT,-1,-1,E:\KWB_oana\Publicatie_2020\\2020\wijk_2020_v1zw.shp,OPP_TOT,-1,-1;OPP_LAND "OPP_LAND" true true false 10 Long 0 10 ,First,#,E:\KWB_oana\Publicatie_2020\\2020\wijk_2020_v1water.shp,OPP_LAND,-1,-1,E:\KWB_oana\Publicatie_2020\\2020\wijk_2020_v1zw.shp,OPP_LAND,-1,-1;OPP_WATER "OPP_WATER" true true false 10 Long 0 10 ,First,#,E:\KWB_oana\Publicatie_2020\\2020\wijk_2020_v1water.shp,OPP_WATER,-1,-1,E:\KWB_oana\Publicatie_2020\\2020\wijk_2020_v1zw.shp,OPP_WATER,-1,-1"</Process><Process ToolSource="c:\program files (x86)\arcgis\desktop10.5\ArcToolbox\Toolboxes\Conversion Tools.tbx\FeatureClassToFeatureClass" Date="20201016" Time="105602">FeatureClassToFeatureClass \\cbsp.nl\productie\primair\TOP\Werk\KWB_buurtkaart\Publicatie_2020\2020\KWB2020def.gdb\wij \\cbsp.nl\productie\primair\TOP\Werk\KWB_buurtkaart\Publicatie_2020\2020 wijk_2020_v1.shp # "WK_CODE "WK_CODE" true true false 8 Text 0 0 ,First,#,\\cbsp.nl\productie\primair\TOP\Werk\KWB_buurtkaart\Publicatie_2020\2020\KWB2020def.gdb\wij,WK_CODE,-1,-1;JRSTATCODE "JRSTATCODE" true true false 12 Text 0 0 ,First,#,\\cbsp.nl\productie\primair\TOP\Werk\KWB_buurtkaart\Publicatie_2020\2020\KWB2020def.gdb\wij,JRSTATCODE,-1,-1;WK_NAAM "WK_NAAM" true true false 60 Text 0 0 ,First,#,\\cbsp.nl\productie\primair\TOP\Werk\KWB_buurtkaart\Publicatie_2020\2020\KWB2020def.gdb\wij,WK_NAAM,-1,-1;GM_CODE "GM_CODE" true true false 6 Text 0 0 ,First,#,\\cbsp.nl\productie\primair\TOP\Werk\KWB_buurtkaart\Publicatie_2020\2020\KWB2020def.gdb\wij,GM_CODE,-1,-1;GM_NAAM "GM_NAAM" true true false 60 Text 0 0 ,First,#,\\cbsp.nl\productie\primair\TOP\Werk\KWB_buurtkaart\Publicatie_2020\2020\KWB2020def.gdb\wij,GM_NAAM,-1,-1;IND_WBI "IND_WBI" true true false 4 Long 0 0 ,First,#,\\cbsp.nl\productie\primair\TOP\Werk\KWB_buurtkaart\Publicatie_2020\2020\KWB2020def.gdb\wij,IND_WBI,-1,-1;WATER "WATER" true true false 4 Text 0 0 ,First,#,\\cbsp.nl\productie\primair\TOP\Werk\KWB_buurtkaart\Publicatie_2020\2020\KWB2020def.gdb\wij,H2O,-1,-1;OAD "OAD" true true false 4 Long 0 0 ,First,#,\\cbsp.nl\productie\primair\TOP\Werk\KWB_buurtkaart\Publicatie_2020\2020\KWB2020def.gdb\wij,OAD,-1,-1;STED "STED" true true false 4 Long 0 0 ,First,#,\\cbsp.nl\productie\primair\TOP\Werk\KWB_buurtkaart\Publicatie_2020\2020\KWB2020def.gdb\wij,STED,-1,-1;BEV_DICHTH "BEV_DICHTH" true true false 4 Long 0 0 ,First,#,\\cbsp.nl\productie\primair\TOP\Werk\KWB_buurtkaart\Publicatie_2020\2020\KWB2020def.gdb\wij,BEV_DICHTH,-1,-1;AANT_INW "AANT_INW" true true false 4 Long 0 0 ,First,#,\\cbsp.nl\productie\primair\TOP\Werk\KWB_buurtkaart\Publicatie_2020\2020\KWB2020def.gdb\wij,AANT_INW,-1,-1;AANT_MAN "AANT_MAN" true true false 4 Long 0 0 ,First,#,\\cbsp.nl\productie\primair\TOP\Werk\KWB_buurtkaart\Publicatie_2020\2020\KWB2020def.gdb\wij,AANT_MAN,-1,-1;AANT_VROUW "AANT_VROUW" true true false 4 Long 0 0 ,First,#,\\cbsp.nl\productie\primair\TOP\Werk\KWB_buurtkaart\Publicatie_2020\2020\KWB2020def.gdb\wij,AANT_VROUW,-1,-1;P_00_14_JR "P_00_14_JR" true true false 4 Long 0 0 ,First,#,\\cbsp.nl\productie\primair\TOP\Werk\KWB_buurtkaart\Publicatie_2020\2020\KWB2020def.gdb\wij,P_00_14_JR,-1,-1;P_15_24_JR "P_15_24_JR" true true false 4 Long 0 0 ,First,#,\\cbsp.nl\productie\primair\TOP\Werk\KWB_buurtkaart\Publicatie_2020\2020\KWB2020def.gdb\wij,P_15_24_JR,-1,-1;P_25_44_JR "P_25_44_JR" true true false 4 Long 0 0 ,First,#,\\cbsp.nl\productie\primair\TOP\Werk\KWB_buurtkaart\Publicatie_2020\2020\KWB2020def.gdb\wij,P_25_44_JR,-1,-1;P_45_64_JR "P_45_64_JR" true true false 4 Long 0 0 ,First,#,\\cbsp.nl\productie\primair\TOP\Werk\KWB_buurtkaart\Publicatie_2020\2020\KWB2020def.gdb\wij,P_45_64_JR,-1,-1;P_65_EO_JR "P_65_EO_JR" true true false 4 Long 0 0 ,First,#,\\cbsp.nl\productie\primair\TOP\Werk\KWB_buurtkaart\Publicatie_2020\2020\KWB2020def.gdb\wij,P_65_EO_JR,-1,-1;P_ONGEHUWD "P_ONGEHUWD" true true false 4 Long 0 0 ,First,#,\\cbsp.nl\productie\primair\TOP\Werk\KWB_buurtkaart\Publicatie_2020\2020\KWB2020def.gdb\wij,P_ONGEHUWD,-1,-1;P_GEHUWD "P_GEHUWD" true true false 4 Long 0 0 ,First,#,\\cbsp.nl\productie\primair\TOP\Werk\KWB_buurtkaart\Publicatie_2020\2020\KWB2020def.gdb\wij,P_GEHUWD,-1,-1;P_GESCHEID "P_GESCHEID" true true false 4 Long 0 0 ,First,#,\\cbsp.nl\productie\primair\TOP\Werk\KWB_buurtkaart\Publicatie_2020\2020\KWB2020def.gdb\wij,P_GESCHEID,-1,-1;P_VERWEDUW "P_VERWEDUW" true true false 4 Long 0 0 ,First,#,\\cbsp.nl\productie\primair\TOP\Werk\KWB_buurtkaart\Publicatie_2020\2020\KWB2020def.gdb\wij,P_VERWEDUW,-1,-1;AANTAL_HH "AANTAL_HH" true true false 4 Long 0 0 ,First,#,\\cbsp.nl\productie\primair\TOP\Werk\KWB_buurtkaart\Publicatie_2020\2020\KWB2020def.gdb\wij,AANTAL_HH,-1,-1;P_EENP_HH "P_EENP_HH" true true false 4 Long 0 0 ,First,#,\\cbsp.nl\productie\primair\TOP\Werk\KWB_buurtkaart\Publicatie_2020\2020\KWB2020def.gdb\wij,P_EENP_HH,-1,-1;P_HH_Z_K "P_HH_Z_K" true true false 4 Long 0 0 ,First,#,\\cbsp.nl\productie\primair\TOP\Werk\KWB_buurtkaart\Publicatie_2020\2020\KWB2020def.gdb\wij,P_HH_Z_K,-1,-1;P_HH_M_K "P_HH_M_K" true true false 4 Long 0 0 ,First,#,\\cbsp.nl\productie\primair\TOP\Werk\KWB_buurtkaart\Publicatie_2020\2020\KWB2020def.gdb\wij,P_HH_M_K,-1,-1;GEM_HH_GR "GEM_HH_GR" true true false 8 Double 0 0 ,First,#,\\cbsp.nl\productie\primair\TOP\Werk\KWB_buurtkaart\Publicatie_2020\2020\KWB2020def.gdb\wij,GEM_HH_GR,-1,-1;P_WEST_AL "P_WEST_AL" true true false 4 Long 0 0 ,First,#,\\cbsp.nl\productie\primair\TOP\Werk\KWB_buurtkaart\Publicatie_2020\2020\KWB2020def.gdb\wij,P_WEST_AL,-1,-1;P_N_W_AL "P_N_W_AL" true true false 4 Long 0 0 ,First,#,\\cbsp.nl\productie\primair\TOP\Werk\KWB_buurtkaart\Publicatie_2020\2020\KWB2020def.gdb\wij,P_N_W_AL,-1,-1;P_MAROKKO "P_MAROKKO" true true false 4 Long 0 0 ,First,#,\\cbsp.nl\productie\primair\TOP\Werk\KWB_buurtkaart\Publicatie_2020\2020\KWB2020def.gdb\wij,P_MAROKKO,-1,-1;P_ANT_ARU "P_ANT_ARU" true true false 4 Long 0 0 ,First,#,\\cbsp.nl\productie\primair\TOP\Werk\KWB_buurtkaart\Publicatie_2020\2020\KWB2020def.gdb\wij,P_ANT_ARU,-1,-1;P_SURINAM "P_SURINAM" true true false 4 Long 0 0 ,First,#,\\cbsp.nl\productie\primair\TOP\Werk\KWB_buurtkaart\Publicatie_2020\2020\KWB2020def.gdb\wij,P_SURINAM,-1,-1;P_TURKIJE "P_TURKIJE" true true false 4 Long 0 0 ,First,#,\\cbsp.nl\productie\primair\TOP\Werk\KWB_buurtkaart\Publicatie_2020\2020\KWB2020def.gdb\wij,P_TURKIJE,-1,-1;P_OVER_NW "P_OVER_NW" true true false 4 Long 0 0 ,First,#,\\cbsp.nl\productie\primair\TOP\Werk\KWB_buurtkaart\Publicatie_2020\2020\KWB2020def.gdb\wij,P_OVER_NW,-1,-1;OPP_TOT "OPP_TOT" true true false 4 Long 0 0 ,First,#,\\cbsp.nl\productie\primair\TOP\Werk\KWB_buurtkaart\Publicatie_2020\2020\KWB2020def.gdb\wij,OPP_TOT,-1,-1;OPP_LAND "OPP_LAND" true true false 4 Long 0 0 ,First,#,\\cbsp.nl\productie\primair\TOP\Werk\KWB_buurtkaart\Publicatie_2020\2020\KWB2020def.gdb\wij,OPP_LAND,-1,-1;OPP_WATER "OPP_WATER" true true false 4 Long 0 0 ,First,#,\\cbsp.nl\productie\primair\TOP\Werk\KWB_buurtkaart\Publicatie_2020\2020\KWB2020def.gdb\wij,OPP_WATER,-1,-1;Shape_Leng "Shape_Leng" false true true 8 Double 0 0 ,First,#,\\cbsp.nl\productie\primair\TOP\Werk\KWB_buurtkaart\Publicatie_2020\2020\KWB2020def.gdb\wij,Shape_Length,-1,-1;Shape_Area "Shape_Area" false true true 8 Double 0 0 ,First,#,\\cbsp.nl\productie\primair\TOP\Werk\KWB_buurtkaart\Publicatie_2020\2020\KWB2020def.gdb\wij,Shape_Area,-1,-1" #</Process></lineage></DataProperties><SyncDate>20201016</SyncDate><SyncTime>10554900</SyncTime><ModDate>20201016</ModDate><ModTime>10554900</ModTime></Esri><dataIdInfo><envirDesc Sync="TRUE"> Version 6.2 (Build 9200) ; Esri ArcGIS 10.5.1.7333</envirDesc><dataLang><languageCode value="nld" Sync="TRUE"></languageCode><countryCode value="NLD" Sync="TRUE"></countryCode></dataLang><idCitation><resTitle Sync="TRUE">wijk_2020_v1</resTitle><presForm><PresFormCd value="005" Sync="TRUE"></PresFormCd></presForm></idCitation><spatRpType><SpatRepTypCd value="001" Sync="TRUE"></SpatRepTypCd></spatRpType></dataIdInfo><mdLang><languageCode value="nld" Sync="TRUE"></languageCode><countryCode value="NLD" Sync="TRUE"></countryCode></mdLang><distInfo><distFormat><formatName Sync="TRUE">Shapefile</formatName></distFormat><distTranOps><transSize Sync="TRUE">0.000</transSize></distTranOps></distInfo><mdHrLv><ScopeCd value="005" Sync="TRUE"></ScopeCd></mdHrLv><mdHrLvName Sync="TRUE">dataset</mdHrLvName><refSysInfo><RefSystem><refSysID><identCode code="28992" Sync="TRUE"></identCode><idCodeSpace Sync="TRUE">EPSG</idCodeSpace><idVersion Sync="TRUE">6.7(8.0.1)</idVersion></refSysID></RefSystem></refSysInfo><spatRepInfo><VectSpatRep><geometObjs Name="wijk_2020_v1"><geoObjTyp><GeoObjTypCd value="002" Sync="TRUE"></GeoObjTypCd></geoObjTyp><geoObjCnt Sync="TRUE">0</geoObjCnt></geometObjs><topLvl><TopoLevCd value="001" Sync="TRUE"></TopoLevCd></topLvl></VectSpatRep></spatRepInfo><spdoinfo><ptvctinf><esriterm Name="wijk_2020_v1"><efeatyp Sync="TRUE">Simple</efeatyp><efeageom code="4" Sync="TRUE"></efeageom><esritopo Sync="TRUE">FALSE</esritopo><efeacnt Sync="TRUE">0</efeacnt><spindex Sync="TRUE">FALSE</spindex><linrefer Sync="TRUE">FALSE</linrefer></esriterm></ptvctinf></spdoinfo><eainfo><detailed Name="wijk_2020_v1"><enttyp><enttypl Sync="TRUE">wijk_2020_v1</enttypl><enttypt Sync="TRUE">Feature Class</enttypt><enttypc Sync="TRUE">0</enttypc></enttyp><attr><attrlabl Sync="TRUE">FID</attrlabl><attalias Sync="TRUE">FID</attalias><attrtype Sync="TRUE">OID</attrtype><attwidth Sync="TRUE">4</attwidth><atprecis Sync="TRUE">0</atprecis><attscale Sync="TRUE">0</attscale><attrdef Sync="TRUE">Internal feature number.</attrdef><attrdefs Sync="TRUE">Esri</attrdefs><attrdomv><udom Sync="TRUE">Sequential unique whole numbers that are automatically generated.</udom></attrdomv></attr><attr><attrlabl Sync="TRUE">Shape</attrlabl><attalias Sync="TRUE">Shape</attalias><attrtype Sync="TRUE">Geometry</attrtype><attwidth Sync="TRUE">0</attwidth><atprecis Sync="TRUE">0</atprecis><attscale Sync="TRUE">0</attscale><attrdef Sync="TRUE">Feature geometry.</attrdef><attrdefs Sync="TRUE">Esri</attrdefs><attrdomv><udom Sync="TRUE">Coordinates defining the features.</udom></attrdomv></attr><attr><attrlabl Sync="TRUE">WK_CODE</attrlabl><attalias Sync="TRUE">WK_CODE</attalias><attrtype Sync="TRUE">String</attrtype><attwidth Sync="TRUE">8</attwidth><atprecis Sync="TRUE">0</atprecis><attscale Sync="TRUE">0</attscale></attr><attr><attrlabl Sync="TRUE">JRSTATCODE</attrlabl><attalias Sync="TRUE">JRSTATCODE</attalias><attrtype Sync="TRUE">String</attrtype><attwidth Sync="TRUE">12</attwidth><atprecis Sync="TRUE">0</atprecis><attscale Sync="TRUE">0</attscale></attr><attr><attrlabl Sync="TRUE">WK_NAAM</attrlabl><attalias Sync="TRUE">WK_NAAM</attalias><attrtype Sync="TRUE">String</attrtype><attwidth Sync="TRUE">60</attwidth><atprecis Sync="TRUE">0</atprecis><attscale Sync="TRUE">0</attscale></attr><attr><attrlabl Sync="TRUE">GM_CODE</attrlabl><attalias Sync="TRUE">GM_CODE</attalias><attrtype Sync="TRUE">String</attrtype><attwidth Sync="TRUE">6</attwidth><atprecis Sync="TRUE">0</atprecis><attscale Sync="TRUE">0</attscale></attr><attr><attrlabl Sync="TRUE">GM_NAAM</attrlabl><attalias Sync="TRUE">GM_NAAM</attalias><attrtype Sync="TRUE">String</attrtype><attwidth Sync="TRUE">60</attwidth><atprecis Sync="TRUE">0</atprecis><attscale Sync="TRUE">0</attscale></attr><attr><attrlabl Sync="TRUE">IND_WBI</attrlabl><attalias Sync="TRUE">IND_WBI</attalias><attrtype Sync="TRUE">Integer</attrtype><attwidth Sync="TRUE">10</attwidth><atprecis Sync="TRUE">10</atprecis><attscale Sync="TRUE">0</attscale></attr><attr><attrlabl Sync="TRUE">WATER</attrlabl><attalias Sync="TRUE">WATER</attalias><attrtype Sync="TRUE">String</attrtype><attwidth Sync="TRUE">4</attwidth><atprecis Sync="TRUE">0</atprecis><attscale Sync="TRUE">0</attscale></attr><attr><attrlabl Sync="TRUE">OAD</attrlabl><attalias Sync="TRUE">OAD</attalias><attrtype Sync="TRUE">Integer</attrtype><attwidth Sync="TRUE">10</attwidth><atprecis Sync="TRUE">10</atprecis><attscale Sync="TRUE">0</attscale></attr><attr><attrlabl Sync="TRUE">STED</attrlabl><attalias Sync="TRUE">STED</attalias><attrtype Sync="TRUE">Integer</attrtype><attwidth Sync="TRUE">10</attwidth><atprecis Sync="TRUE">10</atprecis><attscale Sync="TRUE">0</attscale></attr><attr><attrlabl Sync="TRUE">BEV_DICHTH</attrlabl><attalias Sync="TRUE">BEV_DICHTH</attalias><attrtype Sync="TRUE">Integer</attrtype><attwidth Sync="TRUE">10</attwidth><atprecis Sync="TRUE">10</atprecis><attscale Sync="TRUE">0</attscale></attr><attr><attrlabl Sync="TRUE">AANT_INW</attrlabl><attalias Sync="TRUE">AANT_INW</attalias><attrtype Sync="TRUE">Integer</attrtype><attwidth Sync="TRUE">10</attwidth><atprecis Sync="TRUE">10</atprecis><attscale Sync="TRUE">0</attscale></attr><attr><attrlabl Sync="TRUE">AANT_MAN</attrlabl><attalias Sync="TRUE">AANT_MAN</attalias><attrtype Sync="TRUE">Integer</attrtype><attwidth Sync="TRUE">10</attwidth><atprecis Sync="TRUE">10</atprecis><attscale Sync="TRUE">0</attscale></attr><attr><attrlabl Sync="TRUE">AANT_VROUW</attrlabl><attalias Sync="TRUE">AANT_VROUW</attalias><attrtype Sync="TRUE">Integer</attrtype><attwidth Sync="TRUE">10</attwidth><atprecis Sync="TRUE">10</atprecis><attscale Sync="TRUE">0</attscale></attr><attr><attrlabl Sync="TRUE">P_00_14_JR</attrlabl><attalias Sync="TRUE">P_00_14_JR</attalias><attrtype Sync="TRUE">Integer</attrtype><attwidth Sync="TRUE">10</attwidth><atprecis Sync="TRUE">10</atprecis><attscale Sync="TRUE">0</attscale></attr><attr><attrlabl Sync="TRUE">P_15_24_JR</attrlabl><attalias Sync="TRUE">P_15_24_JR</attalias><attrtype Sync="TRUE">Integer</attrtype><attwidth Sync="TRUE">10</attwidth><atprecis Sync="TRUE">10</atprecis><attscale Sync="TRUE">0</attscale></attr><attr><attrlabl Sync="TRUE">P_25_44_JR</attrlabl><attalias Sync="TRUE">P_25_44_JR</attalias><attrtype Sync="TRUE">Integer</attrtype><attwidth Sync="TRUE">10</attwidth><atprecis Sync="TRUE">10</atprecis><attscale Sync="TRUE">0</attscale></attr><attr><attrlabl Sync="TRUE">P_45_64_JR</attrlabl><attalias Sync="TRUE">P_45_64_JR</attalias><attrtype Sync="TRUE">Integer</attrtype><attwidth Sync="TRUE">10</attwidth><atprecis Sync="TRUE">10</atprecis><attscale Sync="TRUE">0</attscale></attr><attr><attrlabl Sync="TRUE">P_65_EO_JR</attrlabl><attalias Sync="TRUE">P_65_EO_JR</attalias><attrtype Sync="TRUE">Integer</attrtype><attwidth Sync="TRUE">10</attwidth><atprecis Sync="TRUE">10</atprecis><attscale Sync="TRUE">0</attscale></attr><attr><attrlabl Sync="TRUE">P_ONGEHUWD</attrlabl><attalias Sync="TRUE">P_ONGEHUWD</attalias><attrtype Sync="TRUE">Integer</attrtype><attwidth Sync="TRUE">10</attwidth><atprecis Sync="TRUE">10</atprecis><attscale Sync="TRUE">0</attscale></attr><attr><attrlabl Sync="TRUE">P_GEHUWD</attrlabl><attalias Sync="TRUE">P_GEHUWD</attalias><attrtype Sync="TRUE">Integer</attrtype><attwidth Sync="TRUE">10</attwidth><atprecis Sync="TRUE">10</atprecis><attscale Sync="TRUE">0</attscale></attr><attr><attrlabl Sync="TRUE">P_GESCHEID</attrlabl><attalias Sync="TRUE">P_GESCHEID</attalias><attrtype Sync="TRUE">Integer</attrtype><attwidth Sync="TRUE">10</attwidth><atprecis Sync="TRUE">10</atprecis><attscale Sync="TRUE">0</attscale></attr><attr><attrlabl Sync="TRUE">P_VERWEDUW</attrlabl><attalias Sync="TRUE">P_VERWEDUW</attalias><attrtype Sync="TRUE">Integer</attrtype><attwidth Sync="TRUE">10</attwidth><atprecis Sync="TRUE">10</atprecis><attscale Sync="TRUE">0</attscale></attr><attr><attrlabl Sync="TRUE">AANTAL_HH</attrlabl><attalias Sync="TRUE">AANTAL_HH</attalias><attrtype Sync="TRUE">Integer</attrtype><attwidth Sync="TRUE">10</attwidth><atprecis Sync="TRUE">10</atprecis><attscale Sync="TRUE">0</attscale></attr><attr><attrlabl Sync="TRUE">P_EENP_HH</attrlabl><attalias Sync="TRUE">P_EENP_HH</attalias><attrtype Sync="TRUE">Integer</attrtype><attwidth Sync="TRUE">10</attwidth><atprecis Sync="TRUE">10</atprecis><attscale Sync="TRUE">0</attscale></attr><attr><attrlabl Sync="TRUE">P_HH_Z_K</attrlabl><attalias Sync="TRUE">P_HH_Z_K</attalias><attrtype Sync="TRUE">Integer</attrtype><attwidth Sync="TRUE">10</attwidth><atprecis Sync="TRUE">10</atprecis><attscale Sync="TRUE">0</attscale></attr><attr><attrlabl Sync="TRUE">P_HH_M_K</attrlabl><attalias Sync="TRUE">P_HH_M_K</attalias><attrtype Sync="TRUE">Integer</attrtype><attwidth Sync="TRUE">10</attwidth><atprecis Sync="TRUE">10</atprecis><attscale Sync="TRUE">0</attscale></attr><attr><attrlabl Sync="TRUE">GEM_HH_GR</attrlabl><attalias Sync="TRUE">GEM_HH_GR</attalias><attrtype Sync="TRUE">Double</attrtype><attwidth Sync="TRUE">19</attwidth><atprecis Sync="TRUE">0</atprecis><attscale Sync="TRUE">0</attscale></attr><attr><attrlabl Sync="TRUE">P_WEST_AL</attrlabl><attalias Sync="TRUE">P_WEST_AL</attalias><attrtype Sync="TRUE">Integer</attrtype><attwidth Sync="TRUE">10</attwidth><atprecis Sync="TRUE">10</atprecis><attscale Sync="TRUE">0</attscale></attr><attr><attrlabl Sync="TRUE">P_N_W_AL</attrlabl><attalias Sync="TRUE">P_N_W_AL</attalias><attrtype Sync="TRUE">Integer</attrtype><attwidth Sync="TRUE">10</attwidth><atprecis Sync="TRUE">10</atprecis><attscale Sync="TRUE">0</attscale></attr><attr><attrlabl Sync="TRUE">P_MAROKKO</attrlabl><attalias Sync="TRUE">P_MAROKKO</attalias><attrtype Sync="TRUE">Integer</attrtype><attwidth Sync="TRUE">10</attwidth><atprecis Sync="TRUE">10</atprecis><attscale Sync="TRUE">0</attscale></attr><attr><attrlabl Sync="TRUE">P_ANT_ARU</attrlabl><attalias Sync="TRUE">P_ANT_ARU</attalias><attrtype Sync="TRUE">Integer</attrtype><attwidth Sync="TRUE">10</attwidth><atprecis Sync="TRUE">10</atprecis><attscale Sync="TRUE">0</attscale></attr><attr><attrlabl Sync="TRUE">P_SURINAM</attrlabl><attalias Sync="TRUE">P_SURINAM</attalias><attrtype Sync="TRUE">Integer</attrtype><attwidth Sync="TRUE">10</attwidth><atprecis Sync="TRUE">10</atprecis><attscale Sync="TRUE">0</attscale></attr><attr><attrlabl Sync="TRUE">P_TURKIJE</attrlabl><attalias Sync="TRUE">P_TURKIJE</attalias><attrtype Sync="TRUE">Integer</attrtype><attwidth Sync="TRUE">10</attwidth><atprecis Sync="TRUE">10</atprecis><attscale Sync="TRUE">0</attscale></attr><attr><attrlabl Sync="TRUE">P_OVER_NW</attrlabl><attalias Sync="TRUE">P_OVER_NW</attalias><attrtype Sync="TRUE">Integer</attrtype><attwidth Sync="TRUE">10</attwidth><atprecis Sync="TRUE">10</atprecis><attscale Sync="TRUE">0</attscale></attr><attr><attrlabl Sync="TRUE">OPP_TOT</attrlabl><attalias Sync="TRUE">OPP_TOT</attalias><attrtype Sync="TRUE">Integer</attrtype><attwidth Sync="TRUE">10</attwidth><atprecis Sync="TRUE">10</atprecis><attscale Sync="TRUE">0</attscale></attr><attr><attrlabl Sync="TRUE">OPP_LAND</attrlabl><attalias Sync="TRUE">OPP_LAND</attalias><attrtype Sync="TRUE">Integer</attrtype><attwidth Sync="TRUE">10</attwidth><atprecis Sync="TRUE">10</atprecis><attscale Sync="TRUE">0</attscale></attr><attr><attrlabl Sync="TRUE">OPP_WATER</attrlabl><attalias Sync="TRUE">OPP_WATER</attalias><attrtype Sync="TRUE">Integer</attrtype><attwidth Sync="TRUE">10</attwidth><atprecis Sync="TRUE">10</atprecis><attscale Sync="TRUE">0</attscale></attr><attr><attrlabl Sync="TRUE">Shape_Leng</attrlabl><attalias Sync="TRUE">Shape_Leng</attalias><attrtype Sync="TRUE">Double</attrtype><attwidth Sync="TRUE">19</attwidth><atprecis Sync="TRUE">0</atprecis><attscale Sync="TRUE">0</attscale></attr><attr><attrlabl Sync="TRUE">Shape_Area</attrlabl><attalias Sync="TRUE">Shape_Area</attalias><attrtype Sync="TRUE">Double</attrtype><attwidth Sync="TRUE">19</attwidth><atprecis Sync="TRUE">0</atprecis><attscale Sync="TRUE">0</attscale><attrdef Sync="TRUE">Area of feature in internal units squared.</attrdef><attrdefs Sync="TRUE">Esri</attrdefs><attrdomv><udom Sync="TRUE">Positive real numbers that are automatically generated.</udom></attrdomv></attr></detailed></eainfo><mdDateSt Sync="TRUE">20201016</mdDateSt></metadata>
